"Ano";"Mês";"UF do Município";"Município";"Código SH4";"Descrição SH4";"Valor US$ FOB"
"2025";"08. Agosto";"Paraná";"Paranaguá - PR";"3102";"Adubos (fertilizantes) minerais ou químicos, azotados";"54596172"
"2025";"07. Julho";"Paraná";"Paranaguá - PR";"3102";"Adubos (fertilizantes) minerais ou químicos, azotados";"45680793"
"2025";"06. Junho";"Paraná";"Paranaguá - PR";"3102";"Adubos (fertilizantes) minerais ou químicos, azotados";"42726078"
"2025";"02. Fevereiro";"Paraná";"Paranaguá - PR";"3102";"Adubos (fertilizantes) minerais ou químicos, azotados";"38662385"
"2025";"01. Janeiro";"Paraná";"Paranaguá - PR";"3102";"Adubos (fertilizantes) minerais ou químicos, azotados";"36554176"
"2025";"05. Maio";"Paraná";"Paranaguá - PR";"3102";"Adubos (fertilizantes) minerais ou químicos, azotados";"30613967"
"2025";"04. Abril";"Paraná";"Paranaguá - PR";"3102";"Adubos (fertilizantes) minerais ou químicos, azotados";"22656071"
"2025";"03. Março";"Paraná";"Paranaguá - PR";"3102";"Adubos (fertilizantes) minerais ou químicos, azotados";"13014584"
"2025";"07. Julho";"Paraná";"Curitiba - PR";"3102";"Adubos (fertilizantes) minerais ou químicos, azotados";"12884765"
"2025";"08. Agosto";"Paraná";"Curitiba - PR";"3102";"Adubos (fertilizantes) minerais ou químicos, azotados";"10151605"
"2025";"06. Junho";"Paraná";"Curitiba - PR";"3102";"Adubos (fertilizantes) minerais ou químicos, azotados";"8026914"
"2025";"01. Janeiro";"Paraná";"Curitiba - PR";"3102";"Adubos (fertilizantes) minerais ou químicos, azotados";"5786728"
"2025";"05. Maio";"Paraná";"Curitiba - PR";"3102";"Adubos (fertilizantes) minerais ou químicos, azotados";"5630744"
"2025";"03. Março";"Paraná";"Curitiba - PR";"3102";"Adubos (fertilizantes) minerais ou químicos, azotados";"5411559"
"2025";"01. Janeiro";"Paraná";"Ponta Grossa - PR";"3102";"Adubos (fertilizantes) minerais ou químicos, azotados";"5138006"
"2025";"04. Abril";"Paraná";"Curitiba - PR";"3102";"Adubos (fertilizantes) minerais ou químicos, azotados";"4853269"
"2025";"02. Fevereiro";"Paraná";"Curitiba - PR";"3102";"Adubos (fertilizantes) minerais ou químicos, azotados";"4294511"
"2025";"02. Fevereiro";"Paraná";"Araucária - PR";"3102";"Adubos (fertilizantes) minerais ou químicos, azotados";"3477055"
"2025";"01. Janeiro";"Paraná";"Araucária - PR";"3102";"Adubos (fertilizantes) minerais ou químicos, azotados";"2444185"
"2025";"06. Junho";"Paraná";"Cascavel - PR";"3102";"Adubos (fertilizantes) minerais ou químicos, azotados";"2000646"
"2025";"07. Julho";"Paraná";"Araucária - PR";"3102";"Adubos (fertilizantes) minerais ou químicos, azotados";"1872717"
"2025";"03. Março";"Paraná";"Araucária - PR";"3102";"Adubos (fertilizantes) minerais ou químicos, azotados";"1787842"
"2025";"08. Agosto";"Paraná";"Ponta Grossa - PR";"3102";"Adubos (fertilizantes) minerais ou químicos, azotados";"1712789"
"2025";"04. Abril";"Paraná";"Ponta Grossa - PR";"3102";"Adubos (fertilizantes) minerais ou químicos, azotados";"1682690"
"2025";"08. Agosto";"Paraná";"Maringá - PR";"3102";"Adubos (fertilizantes) minerais ou químicos, azotados";"1646750"
"2025";"07. Julho";"Paraná";"Maringá - PR";"3102";"Adubos (fertilizantes) minerais ou químicos, azotados";"1546000"
"2025";"04. Abril";"Paraná";"Araucária - PR";"3102";"Adubos (fertilizantes) minerais ou químicos, azotados";"1477202"
"2025";"01. Janeiro";"Paraná";"Cascavel - PR";"3102";"Adubos (fertilizantes) minerais ou químicos, azotados";"1221342"
"2025";"01. Janeiro";"Paraná";"Maringá - PR";"3102";"Adubos (fertilizantes) minerais ou químicos, azotados";"1059100"
"2025";"05. Maio";"Paraná";"Araucária - PR";"3102";"Adubos (fertilizantes) minerais ou químicos, azotados";"877504"
"2025";"06. Junho";"Paraná";"Ponta Grossa - PR";"3102";"Adubos (fertilizantes) minerais ou químicos, azotados";"841442"
"2025";"06. Junho";"Paraná";"Araucária - PR";"3102";"Adubos (fertilizantes) minerais ou químicos, azotados";"798218"
"2025";"03. Março";"Paraná";"Maringá - PR";"3102";"Adubos (fertilizantes) minerais ou químicos, azotados";"754400"
"2025";"08. Agosto";"Paraná";"Cambé - PR";"3102";"Adubos (fertilizantes) minerais ou químicos, azotados";"676620"
"2025";"08. Agosto";"Paraná";"Cascavel - PR";"3102";"Adubos (fertilizantes) minerais ou químicos, azotados";"672000"
"2025";"07. Julho";"Paraná";"Cambé - PR";"3102";"Adubos (fertilizantes) minerais ou químicos, azotados";"654444"
"2025";"04. Abril";"Paraná";"Maringá - PR";"3102";"Adubos (fertilizantes) minerais ou químicos, azotados";"563700"
"2025";"04. Abril";"Paraná";"Cambé - PR";"3102";"Adubos (fertilizantes) minerais ou químicos, azotados";"546448"
"2025";"08. Agosto";"Paraná";"Araucária - PR";"3102";"Adubos (fertilizantes) minerais ou químicos, azotados";"495026"
"2025";"01. Janeiro";"Paraná";"Cambé - PR";"3102";"Adubos (fertilizantes) minerais ou químicos, azotados";"452644"
"2025";"03. Março";"Paraná";"Ponta Grossa - PR";"3102";"Adubos (fertilizantes) minerais ou químicos, azotados";"411027"
"2025";"04. Abril";"Paraná";"Cascavel - PR";"3102";"Adubos (fertilizantes) minerais ou químicos, azotados";"398644"
"2025";"06. Junho";"Paraná";"Cambé - PR";"3102";"Adubos (fertilizantes) minerais ou químicos, azotados";"382032"
"2025";"02. Fevereiro";"Paraná";"Maringá - PR";"3102";"Adubos (fertilizantes) minerais ou químicos, azotados";"379700"
"2025";"05. Maio";"Paraná";"Cambé - PR";"3102";"Adubos (fertilizantes) minerais ou químicos, azotados";"362880"
"2025";"05. Maio";"Paraná";"Maringá - PR";"3102";"Adubos (fertilizantes) minerais ou químicos, azotados";"359850"
"2025";"02. Fevereiro";"Paraná";"Quatro Barras - PR";"3102";"Adubos (fertilizantes) minerais ou químicos, azotados";"301658"
"2025";"01. Janeiro";"Paraná";"Quatro Barras - PR";"3102";"Adubos (fertilizantes) minerais ou químicos, azotados";"240203"
"2025";"06. Junho";"Paraná";"Apucarana - PR";"3102";"Adubos (fertilizantes) minerais ou químicos, azotados";"238400"
"2025";"07. Julho";"Paraná";"Almirante Tamandaré - PR";"3102";"Adubos (fertilizantes) minerais ou químicos, azotados";"236350"
"2025";"02. Fevereiro";"Paraná";"Almirante Tamandaré - PR";"3102";"Adubos (fertilizantes) minerais ou químicos, azotados";"207450"
"2025";"04. Abril";"Paraná";"Quatro Barras - PR";"3102";"Adubos (fertilizantes) minerais ou químicos, azotados";"198790"
"2025";"05. Maio";"Paraná";"Quatro Barras - PR";"3102";"Adubos (fertilizantes) minerais ou químicos, azotados";"198471"
"2025";"02. Fevereiro";"Paraná";"Ponta Grossa - PR";"3102";"Adubos (fertilizantes) minerais ou químicos, azotados";"197862"
"2025";"06. Junho";"Paraná";"Maringá - PR";"3102";"Adubos (fertilizantes) minerais ou químicos, azotados";"179925"
"2025";"01. Janeiro";"Paraná";"Almirante Tamandaré - PR";"3102";"Adubos (fertilizantes) minerais ou químicos, azotados";"156125"
"2025";"06. Junho";"Paraná";"Almirante Tamandaré - PR";"3102";"Adubos (fertilizantes) minerais ou químicos, azotados";"120047"
"2025";"08. Agosto";"Paraná";"Quatro Barras - PR";"3102";"Adubos (fertilizantes) minerais ou químicos, azotados";"106863"
"2025";"03. Março";"Paraná";"Quatro Barras - PR";"3102";"Adubos (fertilizantes) minerais ou químicos, azotados";"106136"
"2025";"06. Junho";"Paraná";"Quatro Barras - PR";"3102";"Adubos (fertilizantes) minerais ou químicos, azotados";"99574"
"2025";"07. Julho";"Paraná";"Campo Largo - PR";"3102";"Adubos (fertilizantes) minerais ou químicos, azotados";"74340"
"2025";"08. Agosto";"Paraná";"Campo Largo - PR";"3102";"Adubos (fertilizantes) minerais ou químicos, azotados";"61950"
"2025";"06. Junho";"Paraná";"Telêmaco Borba - PR";"3102";"Adubos (fertilizantes) minerais ou químicos, azotados";"59366"
"2025";"04. Abril";"Paraná";"Telêmaco Borba - PR";"3102";"Adubos (fertilizantes) minerais ou químicos, azotados";"52950"
"2025";"08. Agosto";"Paraná";"Telêmaco Borba - PR";"3102";"Adubos (fertilizantes) minerais ou químicos, azotados";"50760"
"2025";"06. Junho";"Paraná";"Alto Piquiri - PR";"3102";"Adubos (fertilizantes) minerais ou químicos, azotados";"45554"
"2025";"01. Janeiro";"Paraná";"Telêmaco Borba - PR";"3102";"Adubos (fertilizantes) minerais ou químicos, azotados";"36385"
"2025";"07. Julho";"Paraná";"Telêmaco Borba - PR";"3102";"Adubos (fertilizantes) minerais ou químicos, azotados";"29744"
"2025";"02. Fevereiro";"Paraná";"Telêmaco Borba - PR";"3102";"Adubos (fertilizantes) minerais ou químicos, azotados";"24251"
"2025";"03. Março";"Paraná";"Telêmaco Borba - PR";"3102";"Adubos (fertilizantes) minerais ou químicos, azotados";"13095"
"2025";"02. Fevereiro";"Paraná";"São José dos Pinhais - PR";"2814";"Amoníaco anidro ou em solução aquosa (amónia)";"5194"
"2025";"04. Abril";"Paraná";"São José dos Pinhais - PR";"2814";"Amoníaco anidro ou em solução aquosa (amónia)";"4266"
"2025";"05. Maio";"Paraná";"Cascavel - PR";"2814";"Amoníaco anidro ou em solução aquosa (amónia)";"21"
"2024";"11. Novembro";"Paraná";"Paranaguá - PR";"3102";"Adubos (fertilizantes) minerais ou químicos, azotados";"77647342"
"2024";"10. Outubro";"Paraná";"Paranaguá - PR";"3102";"Adubos (fertilizantes) minerais ou químicos, azotados";"77003692"
"2024";"12. Dezembro";"Paraná";"Paranaguá - PR";"3102";"Adubos (fertilizantes) minerais ou químicos, azotados";"63719616"
"2024";"01. Janeiro";"Paraná";"Paranaguá - PR";"3102";"Adubos (fertilizantes) minerais ou químicos, azotados";"41246264"
"2024";"09. Setembro";"Paraná";"Paranaguá - PR";"3102";"Adubos (fertilizantes) minerais ou químicos, azotados";"37086140"
"2024";"08. Agosto";"Paraná";"Paranaguá - PR";"3102";"Adubos (fertilizantes) minerais ou químicos, azotados";"29086818"
"2024";"07. Julho";"Paraná";"Paranaguá - PR";"3102";"Adubos (fertilizantes) minerais ou químicos, azotados";"26609706"
"2024";"02. Fevereiro";"Paraná";"Paranaguá - PR";"3102";"Adubos (fertilizantes) minerais ou químicos, azotados";"24472680"
"2024";"06. Junho";"Paraná";"Paranaguá - PR";"3102";"Adubos (fertilizantes) minerais ou químicos, azotados";"21429101"
"2024";"05. Maio";"Paraná";"Paranaguá - PR";"3102";"Adubos (fertilizantes) minerais ou químicos, azotados";"17167840"
"2024";"04. Abril";"Paraná";"Paranaguá - PR";"3102";"Adubos (fertilizantes) minerais ou químicos, azotados";"16117261"
"2024";"10. Outubro";"Paraná";"Curitiba - PR";"3102";"Adubos (fertilizantes) minerais ou químicos, azotados";"9051449"
"2024";"12. Dezembro";"Paraná";"Curitiba - PR";"3102";"Adubos (fertilizantes) minerais ou químicos, azotados";"6675085"
"2024";"09. Setembro";"Paraná";"Curitiba - PR";"3102";"Adubos (fertilizantes) minerais ou químicos, azotados";"6655310"
"2024";"07. Julho";"Paraná";"Curitiba - PR";"3102";"Adubos (fertilizantes) minerais ou químicos, azotados";"6401639"
"2024";"06. Junho";"Paraná";"Curitiba - PR";"3102";"Adubos (fertilizantes) minerais ou químicos, azotados";"6333310"
"2024";"03. Março";"Paraná";"Paranaguá - PR";"3102";"Adubos (fertilizantes) minerais ou químicos, azotados";"6265055"
"2024";"05. Maio";"Paraná";"Curitiba - PR";"3102";"Adubos (fertilizantes) minerais ou químicos, azotados";"6105186"
"2024";"11. Novembro";"Paraná";"Maringá - PR";"3102";"Adubos (fertilizantes) minerais ou químicos, azotados";"5980283"
"2024";"01. Janeiro";"Paraná";"Curitiba - PR";"3102";"Adubos (fertilizantes) minerais ou químicos, azotados";"5927592"
"2024";"08. Agosto";"Paraná";"Curitiba - PR";"3102";"Adubos (fertilizantes) minerais ou químicos, azotados";"5852740"
"2024";"11. Novembro";"Paraná";"Curitiba - PR";"3102";"Adubos (fertilizantes) minerais ou químicos, azotados";"5478134"
"2024";"02. Fevereiro";"Paraná";"Curitiba - PR";"3102";"Adubos (fertilizantes) minerais ou químicos, azotados";"4635749"
"2024";"04. Abril";"Paraná";"Curitiba - PR";"3102";"Adubos (fertilizantes) minerais ou químicos, azotados";"3744537"
"2024";"03. Março";"Paraná";"Curitiba - PR";"3102";"Adubos (fertilizantes) minerais ou químicos, azotados";"3604892"
"2024";"10. Outubro";"Paraná";"Araucária - PR";"3102";"Adubos (fertilizantes) minerais ou químicos, azotados";"3049718"
"2024";"11. Novembro";"Paraná";"Cascavel - PR";"3102";"Adubos (fertilizantes) minerais ou químicos, azotados";"2839612"
"2024";"08. Agosto";"Paraná";"Ponta Grossa - PR";"3102";"Adubos (fertilizantes) minerais ou químicos, azotados";"2835286"
"2024";"11. Novembro";"Paraná";"Ponta Grossa - PR";"3102";"Adubos (fertilizantes) minerais ou químicos, azotados";"2535483"
"2024";"02. Fevereiro";"Paraná";"Toledo - PR";"3102";"Adubos (fertilizantes) minerais ou químicos, azotados";"2450553"
"2024";"12. Dezembro";"Paraná";"Araucária - PR";"3102";"Adubos (fertilizantes) minerais ou químicos, azotados";"2411293"
"2024";"09. Setembro";"Paraná";"Araucária - PR";"3102";"Adubos (fertilizantes) minerais ou químicos, azotados";"2221590"
"2024";"11. Novembro";"Paraná";"Araucária - PR";"3102";"Adubos (fertilizantes) minerais ou químicos, azotados";"1939624"
"2024";"07. Julho";"Paraná";"Araucária - PR";"3102";"Adubos (fertilizantes) minerais ou químicos, azotados";"1822384"
"2024";"01. Janeiro";"Paraná";"Araucária - PR";"3102";"Adubos (fertilizantes) minerais ou químicos, azotados";"1699297"
"2024";"08. Agosto";"Paraná";"Maringá - PR";"3102";"Adubos (fertilizantes) minerais ou químicos, azotados";"1596043"
"2024";"01. Janeiro";"Paraná";"Ponta Grossa - PR";"3102";"Adubos (fertilizantes) minerais ou químicos, azotados";"1412443"
"2024";"08. Agosto";"Paraná";"Araucária - PR";"3102";"Adubos (fertilizantes) minerais ou químicos, azotados";"1411666"
"2024";"09. Setembro";"Paraná";"Ponta Grossa - PR";"3102";"Adubos (fertilizantes) minerais ou químicos, azotados";"1396933"
"2024";"06. Junho";"Paraná";"Araucária - PR";"3102";"Adubos (fertilizantes) minerais ou químicos, azotados";"1298474"
"2024";"12. Dezembro";"Paraná";"Maringá - PR";"3102";"Adubos (fertilizantes) minerais ou químicos, azotados";"1285350"
"2024";"01. Janeiro";"Paraná";"Cascavel - PR";"3102";"Adubos (fertilizantes) minerais ou químicos, azotados";"1057621"
"2024";"10. Outubro";"Paraná";"Apucarana - PR";"3102";"Adubos (fertilizantes) minerais ou químicos, azotados";"1005750"
"2024";"12. Dezembro";"Paraná";"Apucarana - PR";"3102";"Adubos (fertilizantes) minerais ou químicos, azotados";"986685"
"2024";"10. Outubro";"Paraná";"Toledo - PR";"3102";"Adubos (fertilizantes) minerais ou químicos, azotados";"894050"
"2024";"07. Julho";"Paraná";"Ponta Grossa - PR";"3102";"Adubos (fertilizantes) minerais ou químicos, azotados";"889152"
"2024";"06. Junho";"Paraná";"Cascavel - PR";"3102";"Adubos (fertilizantes) minerais ou químicos, azotados";"791243"
"2024";"06. Junho";"Paraná";"Ponta Grossa - PR";"3102";"Adubos (fertilizantes) minerais ou químicos, azotados";"772543"
"2024";"02. Fevereiro";"Paraná";"Ponta Grossa - PR";"3102";"Adubos (fertilizantes) minerais ou químicos, azotados";"706380"
"2024";"12. Dezembro";"Paraná";"Almirante Tamandaré - PR";"3102";"Adubos (fertilizantes) minerais ou químicos, azotados";"703652"
"2024";"10. Outubro";"Paraná";"Cascavel - PR";"3102";"Adubos (fertilizantes) minerais ou químicos, azotados";"664136"
"2024";"02. Fevereiro";"Paraná";"Mandaguari - PR";"3102";"Adubos (fertilizantes) minerais ou químicos, azotados";"627404"
"2024";"10. Outubro";"Paraná";"Almirante Tamandaré - PR";"3102";"Adubos (fertilizantes) minerais ou químicos, azotados";"563634"
"2024";"04. Abril";"Paraná";"Cascavel - PR";"3102";"Adubos (fertilizantes) minerais ou químicos, azotados";"562320"
"2024";"07. Julho";"Paraná";"Apucarana - PR";"3102";"Adubos (fertilizantes) minerais ou químicos, azotados";"559200"
"2024";"04. Abril";"Paraná";"Araucária - PR";"3102";"Adubos (fertilizantes) minerais ou químicos, azotados";"535579"
"2024";"08. Agosto";"Paraná";"Apucarana - PR";"3102";"Adubos (fertilizantes) minerais ou químicos, azotados";"489300"
"2024";"07. Julho";"Paraná";"Cambé - PR";"3102";"Adubos (fertilizantes) minerais ou químicos, azotados";"433048"
"2024";"10. Outubro";"Paraná";"Ponta Grossa - PR";"3102";"Adubos (fertilizantes) minerais ou químicos, azotados";"431537"
"2024";"10. Outubro";"Paraná";"Cambé - PR";"3102";"Adubos (fertilizantes) minerais ou químicos, azotados";"402360"
"2024";"01. Janeiro";"Paraná";"Mandaguari - PR";"3102";"Adubos (fertilizantes) minerais ou químicos, azotados";"398488"
"2024";"01. Janeiro";"Paraná";"Almirante Tamandaré - PR";"3102";"Adubos (fertilizantes) minerais ou químicos, azotados";"383460"
"2024";"05. Maio";"Paraná";"Foz do Iguaçu - PR";"3102";"Adubos (fertilizantes) minerais ou químicos, azotados";"342060"
"2024";"08. Agosto";"Paraná";"Cambé - PR";"3102";"Adubos (fertilizantes) minerais ou químicos, azotados";"314160"
"2024";"05. Maio";"Paraná";"Toledo - PR";"3102";"Adubos (fertilizantes) minerais ou químicos, azotados";"306781"
"2024";"09. Setembro";"Paraná";"Almirante Tamandaré - PR";"3102";"Adubos (fertilizantes) minerais ou químicos, azotados";"268575"
"2024";"11. Novembro";"Paraná";"Almirante Tamandaré - PR";"3102";"Adubos (fertilizantes) minerais ou químicos, azotados";"257415"
"2024";"02. Fevereiro";"Paraná";"Araucária - PR";"3102";"Adubos (fertilizantes) minerais ou químicos, azotados";"253775"
"2024";"05. Maio";"Paraná";"Quatro Barras - PR";"3102";"Adubos (fertilizantes) minerais ou químicos, azotados";"247342"
"2024";"11. Novembro";"Paraná";"Cambé - PR";"3102";"Adubos (fertilizantes) minerais ou químicos, azotados";"238896"
"2024";"04. Abril";"Paraná";"Ponta Grossa - PR";"3102";"Adubos (fertilizantes) minerais ou químicos, azotados";"237022"
"2024";"01. Janeiro";"Paraná";"Cambé - PR";"3102";"Adubos (fertilizantes) minerais ou químicos, azotados";"229500"
"2024";"12. Dezembro";"Paraná";"Quatro Barras - PR";"3102";"Adubos (fertilizantes) minerais ou químicos, azotados";"226542"
"2024";"01. Janeiro";"Paraná";"Quatro Barras - PR";"3102";"Adubos (fertilizantes) minerais ou químicos, azotados";"215789"
"2024";"12. Dezembro";"Paraná";"Cambé - PR";"3102";"Adubos (fertilizantes) minerais ou químicos, azotados";"206976"
"2024";"09. Setembro";"Paraná";"Cambé - PR";"3102";"Adubos (fertilizantes) minerais ou químicos, azotados";"205128"
"2024";"04. Abril";"Paraná";"Cambé - PR";"3102";"Adubos (fertilizantes) minerais ou químicos, azotados";"196000"
"2024";"07. Julho";"Paraná";"Almirante Tamandaré - PR";"3102";"Adubos (fertilizantes) minerais ou químicos, azotados";"187725"
"2024";"08. Agosto";"Paraná";"Quatro Barras - PR";"3102";"Adubos (fertilizantes) minerais ou químicos, azotados";"178382"
"2024";"05. Maio";"Paraná";"Araucária - PR";"3102";"Adubos (fertilizantes) minerais ou químicos, azotados";"176219"
"2024";"02. Fevereiro";"Paraná";"Almirante Tamandaré - PR";"3102";"Adubos (fertilizantes) minerais ou químicos, azotados";"151625"
"2024";"02. Fevereiro";"Paraná";"Umuarama - PR";"3102";"Adubos (fertilizantes) minerais ou químicos, azotados";"149796"
"2024";"03. Março";"Paraná";"Quatro Barras - PR";"3102";"Adubos (fertilizantes) minerais ou químicos, azotados";"146635"
"2024";"04. Abril";"Paraná";"Toledo - PR";"3102";"Adubos (fertilizantes) minerais ou químicos, azotados";"145728"
"2024";"06. Junho";"Paraná";"Toledo - PR";"3102";"Adubos (fertilizantes) minerais ou químicos, azotados";"142835"
"2024";"06. Junho";"Paraná";"Almirante Tamandaré - PR";"3102";"Adubos (fertilizantes) minerais ou químicos, azotados";"113250"
"2024";"02. Fevereiro";"Paraná";"Cambé - PR";"3102";"Adubos (fertilizantes) minerais ou químicos, azotados";"110376"
"2024";"01. Janeiro";"Paraná";"Apucarana - PR";"3102";"Adubos (fertilizantes) minerais ou químicos, azotados";"105553"
"2024";"03. Março";"Paraná";"Apucarana - PR";"3102";"Adubos (fertilizantes) minerais ou químicos, azotados";"99377"
"2024";"10. Outubro";"Paraná";"São José dos Pinhais - PR";"3102";"Adubos (fertilizantes) minerais ou químicos, azotados";"97800"
"2024";"09. Setembro";"Paraná";"Quatro Barras - PR";"3102";"Adubos (fertilizantes) minerais ou químicos, azotados";"91141"
"2024";"10. Outubro";"Paraná";"Quatro Barras - PR";"3102";"Adubos (fertilizantes) minerais ou químicos, azotados";"91080"
"2024";"06. Junho";"Paraná";"Quatro Barras - PR";"3102";"Adubos (fertilizantes) minerais ou químicos, azotados";"87119"
"2024";"08. Agosto";"Paraná";"Almirante Tamandaré - PR";"3102";"Adubos (fertilizantes) minerais ou químicos, azotados";"86063"
"2024";"07. Julho";"Paraná";"Paiçandu - PR";"3102";"Adubos (fertilizantes) minerais ou químicos, azotados";"79496"
"2024";"04. Abril";"Paraná";"Almirante Tamandaré - PR";"3102";"Adubos (fertilizantes) minerais ou químicos, azotados";"79000"
"2024";"04. Abril";"Paraná";"Quatro Barras - PR";"3102";"Adubos (fertilizantes) minerais ou químicos, azotados";"75197"
"2024";"02. Fevereiro";"Paraná";"Apucarana - PR";"3102";"Adubos (fertilizantes) minerais ou químicos, azotados";"65888"
"2024";"05. Maio";"Paraná";"Ponta Grossa - PR";"3102";"Adubos (fertilizantes) minerais ou químicos, azotados";"41117"
"2024";"10. Outubro";"Paraná";"Telêmaco Borba - PR";"3102";"Adubos (fertilizantes) minerais ou químicos, azotados";"29739"
"2024";"10. Outubro";"Paraná";"Campo Largo - PR";"3102";"Adubos (fertilizantes) minerais ou químicos, azotados";"28770"
"2024";"02. Fevereiro";"Paraná";"Foz do Iguaçu - PR";"3102";"Adubos (fertilizantes) minerais ou químicos, azotados";"21851"
"2024";"02. Fevereiro";"Paraná";"Telêmaco Borba - PR";"3102";"Adubos (fertilizantes) minerais ou químicos, azotados";"21262"
"2024";"05. Maio";"Paraná";"Telêmaco Borba - PR";"3102";"Adubos (fertilizantes) minerais ou químicos, azotados";"20946"
"2024";"09. Setembro";"Paraná";"Telêmaco Borba - PR";"3102";"Adubos (fertilizantes) minerais ou químicos, azotados";"20196"
"2024";"08. Agosto";"Paraná";"Telêmaco Borba - PR";"3102";"Adubos (fertilizantes) minerais ou químicos, azotados";"18518"
"2024";"03. Março";"Paraná";"Ibiporã - PR";"3102";"Adubos (fertilizantes) minerais ou químicos, azotados";"14480"
"2024";"07. Julho";"Paraná";"Foz do Iguaçu - PR";"3102";"Adubos (fertilizantes) minerais ou químicos, azotados";"13223"
"2024";"12. Dezembro";"Paraná";"Telêmaco Borba - PR";"3102";"Adubos (fertilizantes) minerais ou químicos, azotados";"11910"
"2024";"11. Novembro";"Paraná";"Telêmaco Borba - PR";"3102";"Adubos (fertilizantes) minerais ou químicos, azotados";"11310"
"2024";"06. Junho";"Paraná";"Telêmaco Borba - PR";"3102";"Adubos (fertilizantes) minerais ou químicos, azotados";"10497"
"2024";"04. Abril";"Paraná";"Telêmaco Borba - PR";"3102";"Adubos (fertilizantes) minerais ou químicos, azotados";"10165"
"2024";"09. Setembro";"Paraná";"São José dos Pinhais - PR";"2814";"Amoníaco anidro ou em solução aquosa (amónia)";"5464"
"2024";"02. Fevereiro";"Paraná";"Ibiporã - PR";"3102";"Adubos (fertilizantes) minerais ou químicos, azotados";"5091"
"2024";"08. Agosto";"Paraná";"Ibiporã - PR";"3102";"Adubos (fertilizantes) minerais ou químicos, azotados";"4551"
"2024";"07. Julho";"Paraná";"São José dos Pinhais - PR";"2814";"Amoníaco anidro ou em solução aquosa (amónia)";"4009"
"2024";"06. Junho";"Paraná";"Cascavel - PR";"2814";"Amoníaco anidro ou em solução aquosa (amónia)";"28"
"2024";"03. Março";"Paraná";"Cascavel - PR";"2814";"Amoníaco anidro ou em solução aquosa (amónia)";"14"
"2023";"01. Janeiro";"Paraná";"Paranaguá - PR";"3102";"Adubos (fertilizantes) minerais ou químicos, azotados";"56131655"
"2023";"12. Dezembro";"Paraná";"Paranaguá - PR";"3102";"Adubos (fertilizantes) minerais ou químicos, azotados";"49135463"
"2023";"02. Fevereiro";"Paraná";"Paranaguá - PR";"3102";"Adubos (fertilizantes) minerais ou químicos, azotados";"43084951"
"2023";"11. Novembro";"Paraná";"Paranaguá - PR";"3102";"Adubos (fertilizantes) minerais ou químicos, azotados";"42344774"
"2023";"09. Setembro";"Paraná";"Paranaguá - PR";"3102";"Adubos (fertilizantes) minerais ou químicos, azotados";"36894335"
"2023";"05. Maio";"Paraná";"Paranaguá - PR";"3102";"Adubos (fertilizantes) minerais ou químicos, azotados";"31209528"
"2023";"06. Junho";"Paraná";"Paranaguá - PR";"3102";"Adubos (fertilizantes) minerais ou químicos, azotados";"29383059"
"2023";"03. Março";"Paraná";"Paranaguá - PR";"3102";"Adubos (fertilizantes) minerais ou químicos, azotados";"27909037"
"2023";"08. Agosto";"Paraná";"Paranaguá - PR";"3102";"Adubos (fertilizantes) minerais ou químicos, azotados";"22415574"
"2023";"04. Abril";"Paraná";"Paranaguá - PR";"3102";"Adubos (fertilizantes) minerais ou químicos, azotados";"21662033"
"2023";"07. Julho";"Paraná";"Paranaguá - PR";"3102";"Adubos (fertilizantes) minerais ou químicos, azotados";"20916051"
"2023";"10. Outubro";"Paraná";"Paranaguá - PR";"3102";"Adubos (fertilizantes) minerais ou químicos, azotados";"20277812"
"2023";"12. Dezembro";"Paraná";"Curitiba - PR";"3102";"Adubos (fertilizantes) minerais ou químicos, azotados";"9849536"
"2023";"02. Fevereiro";"Paraná";"Curitiba - PR";"3102";"Adubos (fertilizantes) minerais ou químicos, azotados";"9779978"
"2023";"11. Novembro";"Paraná";"Curitiba - PR";"3102";"Adubos (fertilizantes) minerais ou químicos, azotados";"9310844"
"2023";"03. Março";"Paraná";"Curitiba - PR";"3102";"Adubos (fertilizantes) minerais ou químicos, azotados";"7017016"
"2023";"08. Agosto";"Paraná";"Curitiba - PR";"3102";"Adubos (fertilizantes) minerais ou químicos, azotados";"6493773"
"2023";"10. Outubro";"Paraná";"Curitiba - PR";"3102";"Adubos (fertilizantes) minerais ou químicos, azotados";"6301521"
"2023";"07. Julho";"Paraná";"Curitiba - PR";"3102";"Adubos (fertilizantes) minerais ou químicos, azotados";"5696132"
"2023";"01. Janeiro";"Paraná";"Curitiba - PR";"3102";"Adubos (fertilizantes) minerais ou químicos, azotados";"5278542"
"2023";"05. Maio";"Paraná";"Curitiba - PR";"3102";"Adubos (fertilizantes) minerais ou químicos, azotados";"5208993"
"2023";"04. Abril";"Paraná";"Curitiba - PR";"3102";"Adubos (fertilizantes) minerais ou químicos, azotados";"4735656"
"2023";"06. Junho";"Paraná";"Curitiba - PR";"3102";"Adubos (fertilizantes) minerais ou químicos, azotados";"3893715"
"2023";"09. Setembro";"Paraná";"Curitiba - PR";"3102";"Adubos (fertilizantes) minerais ou químicos, azotados";"3025008"
"2023";"05. Maio";"Paraná";"Ponta Grossa - PR";"3102";"Adubos (fertilizantes) minerais ou químicos, azotados";"2732640"
"2023";"11. Novembro";"Paraná";"Ponta Grossa - PR";"3102";"Adubos (fertilizantes) minerais ou químicos, azotados";"2341987"
"2023";"05. Maio";"Paraná";"Cascavel - PR";"3102";"Adubos (fertilizantes) minerais ou químicos, azotados";"2221266"
"2023";"01. Janeiro";"Paraná";"Toledo - PR";"3102";"Adubos (fertilizantes) minerais ou químicos, azotados";"1994810"
"2023";"01. Janeiro";"Paraná";"Cascavel - PR";"3102";"Adubos (fertilizantes) minerais ou químicos, azotados";"1945969"
"2023";"11. Novembro";"Paraná";"Cascavel - PR";"3102";"Adubos (fertilizantes) minerais ou químicos, azotados";"1893705"
"2023";"11. Novembro";"Paraná";"Araucária - PR";"3102";"Adubos (fertilizantes) minerais ou químicos, azotados";"1679308"
"2023";"10. Outubro";"Paraná";"Araucária - PR";"3102";"Adubos (fertilizantes) minerais ou químicos, azotados";"1550831"
"2023";"09. Setembro";"Paraná";"Ponta Grossa - PR";"3102";"Adubos (fertilizantes) minerais ou químicos, azotados";"1381503"
"2023";"02. Fevereiro";"Paraná";"Ponta Grossa - PR";"3102";"Adubos (fertilizantes) minerais ou químicos, azotados";"1319864"
"2023";"09. Setembro";"Paraná";"Cascavel - PR";"3102";"Adubos (fertilizantes) minerais ou químicos, azotados";"1237115"
"2023";"11. Novembro";"Paraná";"Mandaguari - PR";"3102";"Adubos (fertilizantes) minerais ou químicos, azotados";"1216380"
"2023";"12. Dezembro";"Paraná";"Cascavel - PR";"3102";"Adubos (fertilizantes) minerais ou químicos, azotados";"1164400"
"2023";"09. Setembro";"Paraná";"Araucária - PR";"3102";"Adubos (fertilizantes) minerais ou químicos, azotados";"892605"
"2023";"04. Abril";"Paraná";"Ponta Grossa - PR";"3102";"Adubos (fertilizantes) minerais ou químicos, azotados";"863015"
"2023";"08. Agosto";"Paraná";"Araucária - PR";"3102";"Adubos (fertilizantes) minerais ou químicos, azotados";"856805"
"2023";"04. Abril";"Paraná";"Araucária - PR";"3102";"Adubos (fertilizantes) minerais ou químicos, azotados";"823630"
"2023";"10. Outubro";"Paraná";"Toledo - PR";"3102";"Adubos (fertilizantes) minerais ou químicos, azotados";"706160"
"2023";"05. Maio";"Paraná";"Almirante Tamandaré - PR";"3102";"Adubos (fertilizantes) minerais ou químicos, azotados";"698330"
"2023";"10. Outubro";"Paraná";"Mandaguari - PR";"3102";"Adubos (fertilizantes) minerais ou químicos, azotados";"645762"
"2023";"11. Novembro";"Paraná";"Toledo - PR";"3102";"Adubos (fertilizantes) minerais ou químicos, azotados";"627975"
"2023";"02. Fevereiro";"Paraná";"Cascavel - PR";"3102";"Adubos (fertilizantes) minerais ou químicos, azotados";"606430"
"2023";"08. Agosto";"Paraná";"Toledo - PR";"3102";"Adubos (fertilizantes) minerais ou químicos, azotados";"546701"
"2023";"02. Fevereiro";"Paraná";"Mandaguari - PR";"3102";"Adubos (fertilizantes) minerais ou químicos, azotados";"526192"
"2023";"10. Outubro";"Paraná";"Apucarana - PR";"3102";"Adubos (fertilizantes) minerais ou químicos, azotados";"495365"
"2023";"04. Abril";"Paraná";"Cascavel - PR";"3102";"Adubos (fertilizantes) minerais ou químicos, azotados";"495122"
"2023";"01. Janeiro";"Paraná";"Quatro Barras - PR";"3102";"Adubos (fertilizantes) minerais ou químicos, azotados";"463277"
"2023";"05. Maio";"Paraná";"Toledo - PR";"3102";"Adubos (fertilizantes) minerais ou químicos, azotados";"448253"
"2023";"12. Dezembro";"Paraná";"Araucária - PR";"3102";"Adubos (fertilizantes) minerais ou químicos, azotados";"439080"
"2023";"12. Dezembro";"Paraná";"Mandaguari - PR";"3102";"Adubos (fertilizantes) minerais ou químicos, azotados";"421520"
"2023";"06. Junho";"Paraná";"Mandaguari - PR";"3102";"Adubos (fertilizantes) minerais ou químicos, azotados";"413204"
"2023";"10. Outubro";"Paraná";"Ponta Grossa - PR";"3102";"Adubos (fertilizantes) minerais ou químicos, azotados";"388822"
"2023";"06. Junho";"Paraná";"Araucária - PR";"3102";"Adubos (fertilizantes) minerais ou químicos, azotados";"378190"
"2023";"12. Dezembro";"Paraná";"Almirante Tamandaré - PR";"3102";"Adubos (fertilizantes) minerais ou químicos, azotados";"370000"
"2023";"04. Abril";"Paraná";"Mandaguari - PR";"3102";"Adubos (fertilizantes) minerais ou químicos, azotados";"329632"
"2023";"01. Janeiro";"Paraná";"Araucária - PR";"3102";"Adubos (fertilizantes) minerais ou químicos, azotados";"319670"
"2023";"07. Julho";"Paraná";"Quatro Barras - PR";"3102";"Adubos (fertilizantes) minerais ou químicos, azotados";"317283"
"2023";"10. Outubro";"Paraná";"Umuarama - PR";"3102";"Adubos (fertilizantes) minerais ou químicos, azotados";"305100"
"2023";"09. Setembro";"Paraná";"Almirante Tamandaré - PR";"3102";"Adubos (fertilizantes) minerais ou químicos, azotados";"281938"
"2023";"07. Julho";"Paraná";"Cambé - PR";"3102";"Adubos (fertilizantes) minerais ou químicos, azotados";"261240"
"2023";"10. Outubro";"Paraná";"Cambé - PR";"3102";"Adubos (fertilizantes) minerais ou químicos, azotados";"249306"
"2023";"12. Dezembro";"Paraná";"Cambé - PR";"3102";"Adubos (fertilizantes) minerais ou químicos, azotados";"221130"
"2023";"11. Novembro";"Paraná";"Cambé - PR";"3102";"Adubos (fertilizantes) minerais ou químicos, azotados";"212648"
"2023";"07. Julho";"Paraná";"Araucária - PR";"3102";"Adubos (fertilizantes) minerais ou químicos, azotados";"210410"
"2023";"06. Junho";"Paraná";"Toledo - PR";"3102";"Adubos (fertilizantes) minerais ou químicos, azotados";"204258"
"2023";"02. Fevereiro";"Paraná";"Araucária - PR";"3102";"Adubos (fertilizantes) minerais ou químicos, azotados";"199346"
"2023";"05. Maio";"Paraná";"Araucária - PR";"3102";"Adubos (fertilizantes) minerais ou químicos, azotados";"196050"
"2023";"08. Agosto";"Paraná";"Quatro Barras - PR";"3102";"Adubos (fertilizantes) minerais ou químicos, azotados";"194340"
"2023";"09. Setembro";"Paraná";"Quatro Barras - PR";"3102";"Adubos (fertilizantes) minerais ou químicos, azotados";"185274"
"2023";"01. Janeiro";"Paraná";"Cambé - PR";"3102";"Adubos (fertilizantes) minerais ou químicos, azotados";"161028"
"2023";"09. Setembro";"Paraná";"Toledo - PR";"3102";"Adubos (fertilizantes) minerais ou químicos, azotados";"156011"
"2023";"11. Novembro";"Paraná";"Almirante Tamandaré - PR";"3102";"Adubos (fertilizantes) minerais ou químicos, azotados";"152000"
"2023";"07. Julho";"Paraná";"Ponta Grossa - PR";"3102";"Adubos (fertilizantes) minerais ou químicos, azotados";"147864"
"2023";"02. Fevereiro";"Paraná";"Cambé - PR";"3102";"Adubos (fertilizantes) minerais ou químicos, azotados";"146853"
"2023";"12. Dezembro";"Paraná";"Toledo - PR";"3102";"Adubos (fertilizantes) minerais ou químicos, azotados";"138789"
"2023";"05. Maio";"Paraná";"Cambé - PR";"3102";"Adubos (fertilizantes) minerais ou químicos, azotados";"133245"
"2023";"03. Março";"Paraná";"Cambé - PR";"3102";"Adubos (fertilizantes) minerais ou químicos, azotados";"127575"
"2023";"05. Maio";"Paraná";"Quatro Barras - PR";"3102";"Adubos (fertilizantes) minerais ou químicos, azotados";"124381"
"2023";"02. Fevereiro";"Paraná";"Toledo - PR";"3102";"Adubos (fertilizantes) minerais ou químicos, azotados";"123439"
"2023";"11. Novembro";"Paraná";"Apucarana - PR";"3102";"Adubos (fertilizantes) minerais ou químicos, azotados";"122363"
"2023";"09. Setembro";"Paraná";"Cambé - PR";"3102";"Adubos (fertilizantes) minerais ou químicos, azotados";"111584"
"2023";"06. Junho";"Paraná";"Ponta Grossa - PR";"3102";"Adubos (fertilizantes) minerais ou químicos, azotados";"106794"
"2023";"10. Outubro";"Paraná";"Santa Helena - PR";"3102";"Adubos (fertilizantes) minerais ou químicos, azotados";"103082"
"2023";"03. Março";"Paraná";"Araucária - PR";"3102";"Adubos (fertilizantes) minerais ou químicos, azotados";"100756"
"2023";"11. Novembro";"Paraná";"São José dos Pinhais - PR";"3102";"Adubos (fertilizantes) minerais ou químicos, azotados";"94300"
"2023";"03. Março";"Paraná";"Almirante Tamandaré - PR";"3102";"Adubos (fertilizantes) minerais ou químicos, azotados";"92625"
"2023";"11. Novembro";"Paraná";"Quatro Barras - PR";"3102";"Adubos (fertilizantes) minerais ou químicos, azotados";"92325"
"2023";"04. Abril";"Paraná";"Quatro Barras - PR";"3102";"Adubos (fertilizantes) minerais ou químicos, azotados";"84903"
"2023";"06. Junho";"Paraná";"Quatro Barras - PR";"3102";"Adubos (fertilizantes) minerais ou químicos, azotados";"84069"
"2023";"07. Julho";"Paraná";"Toledo - PR";"3102";"Adubos (fertilizantes) minerais ou químicos, azotados";"83288"
"2023";"01. Janeiro";"Paraná";"Ponta Grossa - PR";"3102";"Adubos (fertilizantes) minerais ou químicos, azotados";"63577"
"2023";"02. Fevereiro";"Paraná";"Quatro Barras - PR";"3102";"Adubos (fertilizantes) minerais ou químicos, azotados";"61054"
"2023";"03. Março";"Paraná";"Quatro Barras - PR";"3102";"Adubos (fertilizantes) minerais ou químicos, azotados";"60039"
"2023";"10. Outubro";"Paraná";"Quatro Barras - PR";"3102";"Adubos (fertilizantes) minerais ou químicos, azotados";"57175"
"2023";"01. Janeiro";"Paraná";"Alto Piquiri - PR";"3102";"Adubos (fertilizantes) minerais ou químicos, azotados";"56387"
"2023";"03. Março";"Paraná";"Ponta Grossa - PR";"3102";"Adubos (fertilizantes) minerais ou químicos, azotados";"51766"
"2023";"12. Dezembro";"Paraná";"Apucarana - PR";"3102";"Adubos (fertilizantes) minerais ou químicos, azotados";"50263"
"2023";"06. Junho";"Paraná";"Foz do Iguaçu - PR";"3102";"Adubos (fertilizantes) minerais ou químicos, azotados";"50000"
"2023";"10. Outubro";"Paraná";"Ibiporã - PR";"3102";"Adubos (fertilizantes) minerais ou químicos, azotados";"47040"
"2023";"06. Junho";"Paraná";"Maringá - PR";"3102";"Adubos (fertilizantes) minerais ou químicos, azotados";"39586"
"2023";"09. Setembro";"Paraná";"Ibiporã - PR";"3102";"Adubos (fertilizantes) minerais ou químicos, azotados";"36712"
"2023";"04. Abril";"Paraná";"Telêmaco Borba - PR";"3102";"Adubos (fertilizantes) minerais ou químicos, azotados";"33113"
"2023";"08. Agosto";"Paraná";"Ponta Grossa - PR";"3102";"Adubos (fertilizantes) minerais ou químicos, azotados";"24627"
"2023";"07. Julho";"Paraná";"Telêmaco Borba - PR";"3102";"Adubos (fertilizantes) minerais ou químicos, azotados";"20880"
"2023";"01. Janeiro";"Paraná";"Telêmaco Borba - PR";"3102";"Adubos (fertilizantes) minerais ou químicos, azotados";"20880"
"2023";"05. Maio";"Paraná";"Telêmaco Borba - PR";"3102";"Adubos (fertilizantes) minerais ou químicos, azotados";"20880"
"2023";"12. Dezembro";"Paraná";"Telêmaco Borba - PR";"3102";"Adubos (fertilizantes) minerais ou químicos, azotados";"19800"
"2023";"11. Novembro";"Paraná";"Telêmaco Borba - PR";"3102";"Adubos (fertilizantes) minerais ou químicos, azotados";"19800"
"2023";"03. Março";"Paraná";"Telêmaco Borba - PR";"3102";"Adubos (fertilizantes) minerais ou químicos, azotados";"12181"
"2023";"10. Outubro";"Paraná";"Fazenda Rio Grande - PR";"3102";"Adubos (fertilizantes) minerais ou químicos, azotados";"2990"
"2023";"08. Agosto";"Paraná";"Cambé - PR";"3102";"Adubos (fertilizantes) minerais ou químicos, azotados";"2080"
"2023";"10. Outubro";"Paraná";"Cascavel - PR";"2814";"Amoníaco anidro ou em solução aquosa (amónia)";"52"
"2023";"04. Abril";"Paraná";"Cascavel - PR";"2814";"Amoníaco anidro ou em solução aquosa (amónia)";"22"
"2023";"06. Junho";"Paraná";"Arapongas - PR";"3102";"Adubos (fertilizantes) minerais ou químicos, azotados";"2"
"2022";"06. Junho";"Paraná";"Paranaguá - PR";"3102";"Adubos (fertilizantes) minerais ou químicos, azotados";"109761548"
"2022";"04. Abril";"Paraná";"Paranaguá - PR";"3102";"Adubos (fertilizantes) minerais ou químicos, azotados";"66740677"
"2022";"03. Março";"Paraná";"Paranaguá - PR";"3102";"Adubos (fertilizantes) minerais ou químicos, azotados";"64746564"
"2022";"05. Maio";"Paraná";"Paranaguá - PR";"3102";"Adubos (fertilizantes) minerais ou químicos, azotados";"58654518"
"2022";"07. Julho";"Paraná";"Paranaguá - PR";"3102";"Adubos (fertilizantes) minerais ou químicos, azotados";"56400732"
"2022";"12. Dezembro";"Paraná";"Paranaguá - PR";"3102";"Adubos (fertilizantes) minerais ou químicos, azotados";"48051161"
"2022";"02. Fevereiro";"Paraná";"Paranaguá - PR";"3102";"Adubos (fertilizantes) minerais ou químicos, azotados";"45685142"
"2022";"05. Maio";"Paraná";"Curitiba - PR";"3102";"Adubos (fertilizantes) minerais ou químicos, azotados";"38155172"
"2022";"11. Novembro";"Paraná";"Paranaguá - PR";"3102";"Adubos (fertilizantes) minerais ou químicos, azotados";"37204681"
"2022";"08. Agosto";"Paraná";"Paranaguá - PR";"3102";"Adubos (fertilizantes) minerais ou químicos, azotados";"28662384"
"2022";"09. Setembro";"Paraná";"Paranaguá - PR";"3102";"Adubos (fertilizantes) minerais ou químicos, azotados";"26739933"
"2022";"10. Outubro";"Paraná";"Paranaguá - PR";"3102";"Adubos (fertilizantes) minerais ou químicos, azotados";"24307276"
"2022";"04. Abril";"Paraná";"Curitiba - PR";"3102";"Adubos (fertilizantes) minerais ou químicos, azotados";"19904617"
"2022";"05. Maio";"Paraná";"Tijucas do Sul - PR";"3102";"Adubos (fertilizantes) minerais ou químicos, azotados";"18299618"
"2022";"03. Março";"Paraná";"Curitiba - PR";"3102";"Adubos (fertilizantes) minerais ou químicos, azotados";"14908959"
"2022";"06. Junho";"Paraná";"Tijucas do Sul - PR";"3102";"Adubos (fertilizantes) minerais ou químicos, azotados";"13916577"
"2022";"01. Janeiro";"Paraná";"Paranaguá - PR";"3102";"Adubos (fertilizantes) minerais ou químicos, azotados";"12791006"
"2022";"11. Novembro";"Paraná";"Tijucas do Sul - PR";"3102";"Adubos (fertilizantes) minerais ou químicos, azotados";"12008000"
"2022";"08. Agosto";"Paraná";"Tijucas do Sul - PR";"3102";"Adubos (fertilizantes) minerais ou químicos, azotados";"11630251"
"2022";"09. Setembro";"Paraná";"Tijucas do Sul - PR";"3102";"Adubos (fertilizantes) minerais ou químicos, azotados";"11515000"
"2022";"08. Agosto";"Paraná";"Curitiba - PR";"3102";"Adubos (fertilizantes) minerais ou químicos, azotados";"9014839"
"2022";"05. Maio";"Paraná";"Ponta Grossa - PR";"3102";"Adubos (fertilizantes) minerais ou químicos, azotados";"8968313"
"2022";"11. Novembro";"Paraná";"Curitiba - PR";"3102";"Adubos (fertilizantes) minerais ou químicos, azotados";"8482634"
"2022";"02. Fevereiro";"Paraná";"Curitiba - PR";"3102";"Adubos (fertilizantes) minerais ou químicos, azotados";"8150706"
"2022";"07. Julho";"Paraná";"Curitiba - PR";"3102";"Adubos (fertilizantes) minerais ou químicos, azotados";"8117930"
"2022";"01. Janeiro";"Paraná";"Curitiba - PR";"3102";"Adubos (fertilizantes) minerais ou químicos, azotados";"7938126"
"2022";"09. Setembro";"Paraná";"Curitiba - PR";"3102";"Adubos (fertilizantes) minerais ou químicos, azotados";"5665963"
"2022";"12. Dezembro";"Paraná";"Curitiba - PR";"3102";"Adubos (fertilizantes) minerais ou químicos, azotados";"5600285"
"2022";"06. Junho";"Paraná";"Mandaguari - PR";"3102";"Adubos (fertilizantes) minerais ou químicos, azotados";"5112537"
"2022";"02. Fevereiro";"Paraná";"Cascavel - PR";"3102";"Adubos (fertilizantes) minerais ou químicos, azotados";"5093922"
"2022";"04. Abril";"Paraná";"Cascavel - PR";"3102";"Adubos (fertilizantes) minerais ou químicos, azotados";"5092574"
"2022";"06. Junho";"Paraná";"Curitiba - PR";"3102";"Adubos (fertilizantes) minerais ou químicos, azotados";"4692715"
"2022";"10. Outubro";"Paraná";"Curitiba - PR";"3102";"Adubos (fertilizantes) minerais ou químicos, azotados";"4561852"
"2022";"02. Fevereiro";"Paraná";"Mandaguari - PR";"3102";"Adubos (fertilizantes) minerais ou químicos, azotados";"4331967"
"2022";"07. Julho";"Paraná";"Cascavel - PR";"3102";"Adubos (fertilizantes) minerais ou químicos, azotados";"3791765"
"2022";"10. Outubro";"Paraná";"Mandaguari - PR";"3102";"Adubos (fertilizantes) minerais ou químicos, azotados";"3738780"
"2022";"05. Maio";"Paraná";"Cascavel - PR";"3102";"Adubos (fertilizantes) minerais ou químicos, azotados";"3665675"
"2022";"02. Fevereiro";"Paraná";"Cambé - PR";"3102";"Adubos (fertilizantes) minerais ou químicos, azotados";"3204958"
"2022";"05. Maio";"Paraná";"Maringá - PR";"3102";"Adubos (fertilizantes) minerais ou químicos, azotados";"2954854"
"2022";"04. Abril";"Paraná";"Mandaguari - PR";"3102";"Adubos (fertilizantes) minerais ou químicos, azotados";"2738252"
"2022";"02. Fevereiro";"Paraná";"Ponta Grossa - PR";"3102";"Adubos (fertilizantes) minerais ou químicos, azotados";"2499575"
"2022";"11. Novembro";"Paraná";"Ponta Grossa - PR";"3102";"Adubos (fertilizantes) minerais ou químicos, azotados";"2101982"
"2022";"05. Maio";"Paraná";"Cambé - PR";"3102";"Adubos (fertilizantes) minerais ou químicos, azotados";"1914993"
"2022";"03. Março";"Paraná";"Araucária - PR";"3102";"Adubos (fertilizantes) minerais ou químicos, azotados";"1890121"
"2022";"02. Fevereiro";"Paraná";"Araucária - PR";"3102";"Adubos (fertilizantes) minerais ou químicos, azotados";"1815352"
"2022";"03. Março";"Paraná";"Ponta Grossa - PR";"3102";"Adubos (fertilizantes) minerais ou químicos, azotados";"1802079"
"2022";"11. Novembro";"Paraná";"Cascavel - PR";"3102";"Adubos (fertilizantes) minerais ou químicos, azotados";"1686701"
"2022";"10. Outubro";"Paraná";"Ponta Grossa - PR";"3102";"Adubos (fertilizantes) minerais ou químicos, azotados";"1500665"
"2022";"07. Julho";"Paraná";"Ponta Grossa - PR";"3102";"Adubos (fertilizantes) minerais ou químicos, azotados";"1418758"
"2022";"03. Março";"Paraná";"Cascavel - PR";"3102";"Adubos (fertilizantes) minerais ou químicos, azotados";"1248525"
"2022";"10. Outubro";"Paraná";"Cascavel - PR";"3102";"Adubos (fertilizantes) minerais ou químicos, azotados";"1209275"
"2022";"09. Setembro";"Paraná";"Ponta Grossa - PR";"3102";"Adubos (fertilizantes) minerais ou químicos, azotados";"1104028"
"2022";"04. Abril";"Paraná";"Araucária - PR";"3102";"Adubos (fertilizantes) minerais ou químicos, azotados";"1090992"
"2022";"07. Julho";"Paraná";"Araucária - PR";"3102";"Adubos (fertilizantes) minerais ou químicos, azotados";"1038744"
"2022";"04. Abril";"Paraná";"Cambé - PR";"3102";"Adubos (fertilizantes) minerais ou químicos, azotados";"751484"
"2022";"04. Abril";"Paraná";"Ponta Grossa - PR";"3102";"Adubos (fertilizantes) minerais ou químicos, azotados";"725999"
"2022";"05. Maio";"Paraná";"Araucária - PR";"3102";"Adubos (fertilizantes) minerais ou químicos, azotados";"695739"
"2022";"07. Julho";"Paraná";"Cambé - PR";"3102";"Adubos (fertilizantes) minerais ou químicos, azotados";"636814"
"2022";"08. Agosto";"Paraná";"Quatro Barras - PR";"3102";"Adubos (fertilizantes) minerais ou químicos, azotados";"627340"
"2022";"04. Abril";"Paraná";"Toledo - PR";"3102";"Adubos (fertilizantes) minerais ou químicos, azotados";"621267"
"2022";"02. Fevereiro";"Paraná";"Toledo - PR";"3102";"Adubos (fertilizantes) minerais ou químicos, azotados";"617660"
"2022";"09. Setembro";"Paraná";"Toledo - PR";"3102";"Adubos (fertilizantes) minerais ou químicos, azotados";"584610"
"2022";"09. Setembro";"Paraná";"Mandaguari - PR";"3102";"Adubos (fertilizantes) minerais ou químicos, azotados";"556600"
"2022";"07. Julho";"Paraná";"Toledo - PR";"3102";"Adubos (fertilizantes) minerais ou químicos, azotados";"537461"
"2022";"02. Fevereiro";"Paraná";"Almirante Tamandaré - PR";"3102";"Adubos (fertilizantes) minerais ou químicos, azotados";"536821"
"2022";"12. Dezembro";"Paraná";"Toledo - PR";"3102";"Adubos (fertilizantes) minerais ou químicos, azotados";"497062"
"2022";"08. Agosto";"Paraná";"Cascavel - PR";"3102";"Adubos (fertilizantes) minerais ou químicos, azotados";"474671"
"2022";"04. Abril";"Paraná";"Almirante Tamandaré - PR";"3102";"Adubos (fertilizantes) minerais ou químicos, azotados";"431279"
"2022";"12. Dezembro";"Paraná";"Cascavel - PR";"3102";"Adubos (fertilizantes) minerais ou químicos, azotados";"421988"
"2022";"08. Agosto";"Paraná";"Toledo - PR";"3102";"Adubos (fertilizantes) minerais ou químicos, azotados";"335867"
"2022";"04. Abril";"Paraná";"Ibiporã - PR";"3102";"Adubos (fertilizantes) minerais ou químicos, azotados";"303042"
"2022";"12. Dezembro";"Paraná";"Almirante Tamandaré - PR";"3102";"Adubos (fertilizantes) minerais ou químicos, azotados";"269100"
"2022";"10. Outubro";"Paraná";"Ibiporã - PR";"3102";"Adubos (fertilizantes) minerais ou químicos, azotados";"260995"
"2022";"10. Outubro";"Paraná";"Toledo - PR";"3102";"Adubos (fertilizantes) minerais ou químicos, azotados";"247041"
"2022";"06. Junho";"Paraná";"Araucária - PR";"3102";"Adubos (fertilizantes) minerais ou químicos, azotados";"244527"
"2022";"06. Junho";"Paraná";"Toledo - PR";"3102";"Adubos (fertilizantes) minerais ou químicos, azotados";"230480"
"2022";"11. Novembro";"Paraná";"Quatro Barras - PR";"3102";"Adubos (fertilizantes) minerais ou químicos, azotados";"210635"
"2022";"05. Maio";"Paraná";"Quatro Barras - PR";"3102";"Adubos (fertilizantes) minerais ou químicos, azotados";"205864"
"2022";"02. Fevereiro";"Paraná";"São José dos Pinhais - PR";"3102";"Adubos (fertilizantes) minerais ou químicos, azotados";"201545"
"2022";"03. Março";"Paraná";"Toledo - PR";"3102";"Adubos (fertilizantes) minerais ou químicos, azotados";"177900"
"2022";"08. Agosto";"Paraná";"Ponta Grossa - PR";"3102";"Adubos (fertilizantes) minerais ou químicos, azotados";"140553"
"2022";"07. Julho";"Paraná";"São José dos Pinhais - PR";"3102";"Adubos (fertilizantes) minerais ou químicos, azotados";"139904"
"2022";"08. Agosto";"Paraná";"Foz do Iguaçu - PR";"3102";"Adubos (fertilizantes) minerais ou químicos, azotados";"139440"
"2022";"12. Dezembro";"Paraná";"Araucária - PR";"3102";"Adubos (fertilizantes) minerais ou químicos, azotados";"134550"
"2022";"04. Abril";"Paraná";"Quatro Barras - PR";"3102";"Adubos (fertilizantes) minerais ou químicos, azotados";"132423"
"2022";"02. Fevereiro";"Paraná";"Ibiporã - PR";"3102";"Adubos (fertilizantes) minerais ou químicos, azotados";"130402"
"2022";"06. Junho";"Paraná";"Telêmaco Borba - PR";"3102";"Adubos (fertilizantes) minerais ou químicos, azotados";"126229"
"2022";"11. Novembro";"Paraná";"Toledo - PR";"3102";"Adubos (fertilizantes) minerais ou químicos, azotados";"117422"
"2022";"12. Dezembro";"Paraná";"Cambé - PR";"3102";"Adubos (fertilizantes) minerais ou químicos, azotados";"116856"
"2022";"10. Outubro";"Paraná";"Paiçandu - PR";"3102";"Adubos (fertilizantes) minerais ou químicos, azotados";"115866"
"2022";"04. Abril";"Paraná";"Telêmaco Borba - PR";"3102";"Adubos (fertilizantes) minerais ou químicos, azotados";"114649"
"2022";"03. Março";"Paraná";"Almirante Tamandaré - PR";"3102";"Adubos (fertilizantes) minerais ou químicos, azotados";"112335"
"2022";"03. Março";"Paraná";"Ibiporã - PR";"3102";"Adubos (fertilizantes) minerais ou químicos, azotados";"106963"
"2022";"08. Agosto";"Paraná";"Paiçandu - PR";"3102";"Adubos (fertilizantes) minerais ou químicos, azotados";"77348"
"2022";"11. Novembro";"Paraná";"Foz do Iguaçu - PR";"3102";"Adubos (fertilizantes) minerais ou químicos, azotados";"65850"
"2022";"01. Janeiro";"Paraná";"Paiçandu - PR";"3102";"Adubos (fertilizantes) minerais ou químicos, azotados";"53541"
"2022";"12. Dezembro";"Paraná";"Ponta Grossa - PR";"3102";"Adubos (fertilizantes) minerais ou químicos, azotados";"42099"
"2022";"01. Janeiro";"Paraná";"Ponta Grossa - PR";"3102";"Adubos (fertilizantes) minerais ou químicos, azotados";"38624"
"2022";"01. Janeiro";"Paraná";"Telêmaco Borba - PR";"3102";"Adubos (fertilizantes) minerais ou químicos, azotados";"31928"
"2022";"09. Setembro";"Paraná";"Foz do Iguaçu - PR";"3102";"Adubos (fertilizantes) minerais ou químicos, azotados";"28560"
"2022";"01. Janeiro";"Paraná";"Ibiporã - PR";"3102";"Adubos (fertilizantes) minerais ou químicos, azotados";"18247"
"2022";"01. Janeiro";"Paraná";"Foz do Iguaçu - PR";"3102";"Adubos (fertilizantes) minerais ou químicos, azotados";"5500"
"2022";"12. Dezembro";"Paraná";"Quatro Barras - PR";"3102";"Adubos (fertilizantes) minerais ou químicos, azotados";"33"
"2022";"07. Julho";"Paraná";"Ibiporã - PR";"3102";"Adubos (fertilizantes) minerais ou químicos, azotados";"1"
"2021";"06. Junho";"Paraná";"Paranaguá - PR";"3102";"Adubos (fertilizantes) minerais ou químicos, azotados";"47505123"
"2021";"08. Agosto";"Paraná";"Paranaguá - PR";"3102";"Adubos (fertilizantes) minerais ou químicos, azotados";"30968680"
"2021";"02. Fevereiro";"Paraná";"Paranaguá - PR";"3102";"Adubos (fertilizantes) minerais ou químicos, azotados";"30720246"
"2021";"03. Março";"Paraná";"Paranaguá - PR";"3102";"Adubos (fertilizantes) minerais ou químicos, azotados";"30347714"
"2021";"07. Julho";"Paraná";"Paranaguá - PR";"3102";"Adubos (fertilizantes) minerais ou químicos, azotados";"28786609"
"2021";"11. Novembro";"Paraná";"Paranaguá - PR";"3102";"Adubos (fertilizantes) minerais ou químicos, azotados";"27818490"
"2021";"05. Maio";"Paraná";"Paranaguá - PR";"3102";"Adubos (fertilizantes) minerais ou químicos, azotados";"27180569"
"2021";"09. Setembro";"Paraná";"Paranaguá - PR";"3102";"Adubos (fertilizantes) minerais ou químicos, azotados";"22786482"
"2021";"10. Outubro";"Paraná";"Paranaguá - PR";"3102";"Adubos (fertilizantes) minerais ou químicos, azotados";"19617772"
"2021";"12. Dezembro";"Paraná";"Paranaguá - PR";"3102";"Adubos (fertilizantes) minerais ou químicos, azotados";"17373170"
"2021";"04. Abril";"Paraná";"Paranaguá - PR";"3102";"Adubos (fertilizantes) minerais ou químicos, azotados";"14650418"
"2021";"12. Dezembro";"Paraná";"Curitiba - PR";"3102";"Adubos (fertilizantes) minerais ou químicos, azotados";"12061857"
"2021";"01. Janeiro";"Paraná";"Paranaguá - PR";"3102";"Adubos (fertilizantes) minerais ou químicos, azotados";"11049054"
"2021";"11. Novembro";"Paraná";"Curitiba - PR";"3102";"Adubos (fertilizantes) minerais ou químicos, azotados";"10788299"
"2021";"08. Agosto";"Paraná";"Curitiba - PR";"3102";"Adubos (fertilizantes) minerais ou químicos, azotados";"8188505"
"2021";"10. Outubro";"Paraná";"Curitiba - PR";"3102";"Adubos (fertilizantes) minerais ou químicos, azotados";"7372742"
"2021";"03. Março";"Paraná";"Curitiba - PR";"3102";"Adubos (fertilizantes) minerais ou químicos, azotados";"6774572"
"2021";"04. Abril";"Paraná";"Curitiba - PR";"3102";"Adubos (fertilizantes) minerais ou químicos, azotados";"6685688"
"2021";"09. Setembro";"Paraná";"Curitiba - PR";"3102";"Adubos (fertilizantes) minerais ou químicos, azotados";"5992790"
"2021";"06. Junho";"Paraná";"Curitiba - PR";"3102";"Adubos (fertilizantes) minerais ou químicos, azotados";"5829067"
"2021";"07. Julho";"Paraná";"Curitiba - PR";"3102";"Adubos (fertilizantes) minerais ou químicos, azotados";"4896825"
"2021";"05. Maio";"Paraná";"Curitiba - PR";"3102";"Adubos (fertilizantes) minerais ou químicos, azotados";"4830489"
"2021";"02. Fevereiro";"Paraná";"Curitiba - PR";"3102";"Adubos (fertilizantes) minerais ou químicos, azotados";"4095932"
"2021";"01. Janeiro";"Paraná";"Curitiba - PR";"3102";"Adubos (fertilizantes) minerais ou químicos, azotados";"4076200"
"2021";"09. Setembro";"Paraná";"Ponta Grossa - PR";"3102";"Adubos (fertilizantes) minerais ou químicos, azotados";"3688127"
"2021";"12. Dezembro";"Paraná";"Cascavel - PR";"3102";"Adubos (fertilizantes) minerais ou químicos, azotados";"3372271"
"2021";"11. Novembro";"Paraná";"Mandaguari - PR";"3102";"Adubos (fertilizantes) minerais ou químicos, azotados";"3045062"
"2021";"11. Novembro";"Paraná";"Cambé - PR";"3102";"Adubos (fertilizantes) minerais ou químicos, azotados";"2625745"
"2021";"06. Junho";"Paraná";"Cascavel - PR";"3102";"Adubos (fertilizantes) minerais ou químicos, azotados";"2277890"
"2021";"06. Junho";"Paraná";"Ponta Grossa - PR";"3102";"Adubos (fertilizantes) minerais ou químicos, azotados";"1823878"
"2021";"05. Maio";"Paraná";"Araucária - PR";"3102";"Adubos (fertilizantes) minerais ou químicos, azotados";"1664517"
"2021";"10. Outubro";"Paraná";"Maringá - PR";"3102";"Adubos (fertilizantes) minerais ou químicos, azotados";"1477583"
"2021";"06. Junho";"Paraná";"Araucária - PR";"3102";"Adubos (fertilizantes) minerais ou químicos, azotados";"1457282"
"2021";"01. Janeiro";"Paraná";"Ponta Grossa - PR";"3102";"Adubos (fertilizantes) minerais ou químicos, azotados";"1329717"
"2021";"03. Março";"Paraná";"Mandaguari - PR";"3102";"Adubos (fertilizantes) minerais ou químicos, azotados";"1305602"
"2021";"01. Janeiro";"Paraná";"Cascavel - PR";"3102";"Adubos (fertilizantes) minerais ou químicos, azotados";"1301720"
"2021";"05. Maio";"Paraná";"Ponta Grossa - PR";"3102";"Adubos (fertilizantes) minerais ou químicos, azotados";"1250111"
"2021";"07. Julho";"Paraná";"Mandaguari - PR";"3102";"Adubos (fertilizantes) minerais ou químicos, azotados";"1076003"
"2021";"01. Janeiro";"Paraná";"Maringá - PR";"3102";"Adubos (fertilizantes) minerais ou químicos, azotados";"1051501"
"2021";"02. Fevereiro";"Paraná";"Cascavel - PR";"3102";"Adubos (fertilizantes) minerais ou químicos, azotados";"1031852"
"2021";"07. Julho";"Paraná";"Ponta Grossa - PR";"3102";"Adubos (fertilizantes) minerais ou químicos, azotados";"1029357"
"2021";"02. Fevereiro";"Paraná";"Ponta Grossa - PR";"3102";"Adubos (fertilizantes) minerais ou químicos, azotados";"969865"
"2021";"04. Abril";"Paraná";"Araucária - PR";"3102";"Adubos (fertilizantes) minerais ou químicos, azotados";"968037"
"2021";"12. Dezembro";"Paraná";"Araucária - PR";"3102";"Adubos (fertilizantes) minerais ou químicos, azotados";"897136"
"2021";"12. Dezembro";"Paraná";"Cambé - PR";"3102";"Adubos (fertilizantes) minerais ou químicos, azotados";"798701"
"2021";"08. Agosto";"Paraná";"Araucária - PR";"3102";"Adubos (fertilizantes) minerais ou químicos, azotados";"790157"
"2021";"02. Fevereiro";"Paraná";"Araucária - PR";"3102";"Adubos (fertilizantes) minerais ou químicos, azotados";"770260"
"2021";"03. Março";"Paraná";"Araucária - PR";"3102";"Adubos (fertilizantes) minerais ou químicos, azotados";"766315"
"2021";"08. Agosto";"Paraná";"Mandaguari - PR";"3102";"Adubos (fertilizantes) minerais ou químicos, azotados";"741409"
"2021";"08. Agosto";"Paraná";"Cascavel - PR";"3102";"Adubos (fertilizantes) minerais ou químicos, azotados";"718051"
"2021";"03. Março";"Paraná";"Ponta Grossa - PR";"3102";"Adubos (fertilizantes) minerais ou químicos, azotados";"703382"
"2021";"09. Setembro";"Paraná";"Maringá - PR";"3102";"Adubos (fertilizantes) minerais ou químicos, azotados";"674023"
"2021";"11. Novembro";"Paraná";"Maringá - PR";"3102";"Adubos (fertilizantes) minerais ou químicos, azotados";"669385"
"2021";"04. Abril";"Paraná";"Ponta Grossa - PR";"3102";"Adubos (fertilizantes) minerais ou químicos, azotados";"666525"
"2021";"07. Julho";"Paraná";"Cascavel - PR";"3102";"Adubos (fertilizantes) minerais ou químicos, azotados";"641553"
"2021";"10. Outubro";"Paraná";"Ponta Grossa - PR";"3102";"Adubos (fertilizantes) minerais ou químicos, azotados";"632343"
"2021";"09. Setembro";"Paraná";"Araucária - PR";"3102";"Adubos (fertilizantes) minerais ou químicos, azotados";"614523"
"2021";"12. Dezembro";"Paraná";"Ponta Grossa - PR";"3102";"Adubos (fertilizantes) minerais ou químicos, azotados";"599026"
"2021";"03. Março";"Paraná";"Quatro Barras - PR";"3102";"Adubos (fertilizantes) minerais ou químicos, azotados";"592811"
"2021";"05. Maio";"Paraná";"Cascavel - PR";"3102";"Adubos (fertilizantes) minerais ou químicos, azotados";"581683"
"2021";"04. Abril";"Paraná";"Quatro Barras - PR";"3102";"Adubos (fertilizantes) minerais ou químicos, azotados";"580652"
"2021";"12. Dezembro";"Paraná";"Maringá - PR";"3102";"Adubos (fertilizantes) minerais ou químicos, azotados";"570458"
"2021";"04. Abril";"Paraná";"Maringá - PR";"3102";"Adubos (fertilizantes) minerais ou químicos, azotados";"564494"
"2021";"02. Fevereiro";"Paraná";"Quatro Barras - PR";"3102";"Adubos (fertilizantes) minerais ou químicos, azotados";"515850"
"2021";"07. Julho";"Paraná";"Araucária - PR";"3102";"Adubos (fertilizantes) minerais ou químicos, azotados";"514444"
"2021";"10. Outubro";"Paraná";"Cascavel - PR";"3102";"Adubos (fertilizantes) minerais ou químicos, azotados";"513854"
"2021";"01. Janeiro";"Paraná";"Araucária - PR";"3102";"Adubos (fertilizantes) minerais ou químicos, azotados";"499732"
"2021";"01. Janeiro";"Paraná";"Quatro Barras - PR";"3102";"Adubos (fertilizantes) minerais ou químicos, azotados";"481700"
"2021";"08. Agosto";"Paraná";"Maringá - PR";"3102";"Adubos (fertilizantes) minerais ou químicos, azotados";"394660"
"2021";"09. Setembro";"Paraná";"São Miguel do Iguaçu - PR";"3102";"Adubos (fertilizantes) minerais ou químicos, azotados";"382505"
"2021";"05. Maio";"Paraná";"Quatro Barras - PR";"3102";"Adubos (fertilizantes) minerais ou químicos, azotados";"376324"
"2021";"01. Janeiro";"Paraná";"Cambé - PR";"3102";"Adubos (fertilizantes) minerais ou químicos, azotados";"375688"
"2021";"04. Abril";"Paraná";"Paiçandu - PR";"3102";"Adubos (fertilizantes) minerais ou químicos, azotados";"356282"
"2021";"08. Agosto";"Paraná";"Almirante Tamandaré - PR";"3102";"Adubos (fertilizantes) minerais ou químicos, azotados";"305577"
"2021";"02. Fevereiro";"Paraná";"Cambé - PR";"3102";"Adubos (fertilizantes) minerais ou químicos, azotados";"305183"
"2021";"12. Dezembro";"Paraná";"São Miguel do Iguaçu - PR";"3102";"Adubos (fertilizantes) minerais ou químicos, azotados";"262557"
"2021";"11. Novembro";"Paraná";"Quatro Barras - PR";"3102";"Adubos (fertilizantes) minerais ou químicos, azotados";"257213"
"2021";"10. Outubro";"Paraná";"Toledo - PR";"3102";"Adubos (fertilizantes) minerais ou químicos, azotados";"254983"
"2021";"09. Setembro";"Paraná";"Almirante Tamandaré - PR";"3102";"Adubos (fertilizantes) minerais ou químicos, azotados";"251800"
"2021";"10. Outubro";"Paraná";"Araucária - PR";"3102";"Adubos (fertilizantes) minerais ou químicos, azotados";"244882"
"2021";"10. Outubro";"Paraná";"Almirante Tamandaré - PR";"3102";"Adubos (fertilizantes) minerais ou químicos, azotados";"244882"
"2021";"06. Junho";"Paraná";"Almirante Tamandaré - PR";"3102";"Adubos (fertilizantes) minerais ou químicos, azotados";"223467"
"2021";"03. Março";"Paraná";"Almirante Tamandaré - PR";"3102";"Adubos (fertilizantes) minerais ou químicos, azotados";"211140"
"2021";"06. Junho";"Paraná";"Maringá - PR";"3102";"Adubos (fertilizantes) minerais ou químicos, azotados";"203677"
"2021";"06. Junho";"Paraná";"Quatro Barras - PR";"3102";"Adubos (fertilizantes) minerais ou químicos, azotados";"200642"
"2021";"10. Outubro";"Paraná";"Cambé - PR";"3102";"Adubos (fertilizantes) minerais ou químicos, azotados";"171285"
"2021";"11. Novembro";"Paraná";"Paiçandu - PR";"3102";"Adubos (fertilizantes) minerais ou químicos, azotados";"156068"
"2021";"05. Maio";"Paraná";"Almirante Tamandaré - PR";"3102";"Adubos (fertilizantes) minerais ou químicos, azotados";"145503"
"2021";"09. Setembro";"Paraná";"Foz do Iguaçu - PR";"3102";"Adubos (fertilizantes) minerais ou químicos, azotados";"145000"
"2021";"08. Agosto";"Paraná";"Toledo - PR";"3102";"Adubos (fertilizantes) minerais ou químicos, azotados";"135426"
"2021";"08. Agosto";"Paraná";"Foz do Iguaçu - PR";"3102";"Adubos (fertilizantes) minerais ou químicos, azotados";"126360"
"2021";"10. Outubro";"Paraná";"São Miguel do Iguaçu - PR";"3102";"Adubos (fertilizantes) minerais ou químicos, azotados";"99397"
"2021";"07. Julho";"Paraná";"Toledo - PR";"3102";"Adubos (fertilizantes) minerais ou químicos, azotados";"92050"
"2021";"07. Julho";"Paraná";"Almirante Tamandaré - PR";"3102";"Adubos (fertilizantes) minerais ou químicos, azotados";"91326"
"2021";"11. Novembro";"Paraná";"São Miguel do Iguaçu - PR";"3102";"Adubos (fertilizantes) minerais ou químicos, azotados";"90750"
"2021";"02. Fevereiro";"Paraná";"São José dos Pinhais - PR";"3102";"Adubos (fertilizantes) minerais ou químicos, azotados";"79599"
"2021";"02. Fevereiro";"Paraná";"São Miguel do Iguaçu - PR";"3102";"Adubos (fertilizantes) minerais ou químicos, azotados";"76886"
"2021";"12. Dezembro";"Paraná";"Quatro Barras - PR";"3102";"Adubos (fertilizantes) minerais ou químicos, azotados";"72205"
"2021";"07. Julho";"Paraná";"Cambé - PR";"3102";"Adubos (fertilizantes) minerais ou químicos, azotados";"67752"
"2021";"01. Janeiro";"Paraná";"Telêmaco Borba - PR";"3102";"Adubos (fertilizantes) minerais ou químicos, azotados";"58109"
"2021";"04. Abril";"Paraná";"São Miguel do Iguaçu - PR";"3102";"Adubos (fertilizantes) minerais ou químicos, azotados";"53998"
"2021";"02. Fevereiro";"Paraná";"Ibiporã - PR";"3102";"Adubos (fertilizantes) minerais ou químicos, azotados";"50564"
"2021";"08. Agosto";"Paraná";"Quatro Barras - PR";"3102";"Adubos (fertilizantes) minerais ou químicos, azotados";"49962"
"2021";"09. Setembro";"Paraná";"Quatro Barras - PR";"3102";"Adubos (fertilizantes) minerais ou químicos, azotados";"49864"
"2021";"06. Junho";"Paraná";"São Miguel do Iguaçu - PR";"3102";"Adubos (fertilizantes) minerais ou químicos, azotados";"39600"
"2021";"12. Dezembro";"Paraná";"Tijucas do Sul - PR";"3102";"Adubos (fertilizantes) minerais ou químicos, azotados";"39037"
"2021";"07. Julho";"Paraná";"Quatro Barras - PR";"3102";"Adubos (fertilizantes) minerais ou químicos, azotados";"37601"
"2021";"11. Novembro";"Paraná";"Ponta Grossa - PR";"3102";"Adubos (fertilizantes) minerais ou químicos, azotados";"34031"
"2021";"02. Fevereiro";"Paraná";"Rolândia - PR";"3102";"Adubos (fertilizantes) minerais ou químicos, azotados";"33865"
"2021";"05. Maio";"Paraná";"Ibiporã - PR";"3102";"Adubos (fertilizantes) minerais ou químicos, azotados";"32580"
"2021";"03. Março";"Paraná";"Rolândia - PR";"3102";"Adubos (fertilizantes) minerais ou químicos, azotados";"16598"
"2021";"07. Julho";"Paraná";"Ibiporã - PR";"3102";"Adubos (fertilizantes) minerais ou químicos, azotados";"14797"
"2021";"11. Novembro";"Paraná";"Ibiporã - PR";"3102";"Adubos (fertilizantes) minerais ou químicos, azotados";"14142"
"2021";"10. Outubro";"Paraná";"Ibiporã - PR";"3102";"Adubos (fertilizantes) minerais ou químicos, azotados";"14040"
"2021";"11. Novembro";"Paraná";"Foz do Iguaçu - PR";"3102";"Adubos (fertilizantes) minerais ou químicos, azotados";"12100"
"2021";"12. Dezembro";"Paraná";"Ibiporã - PR";"3102";"Adubos (fertilizantes) minerais ou químicos, azotados";"4520"
"2021";"05. Maio";"Paraná";"Telêmaco Borba - PR";"3102";"Adubos (fertilizantes) minerais ou químicos, azotados";"2072"
"2021";"10. Outubro";"Paraná";"Arapongas - PR";"3102";"Adubos (fertilizantes) minerais ou químicos, azotados";"1141"
"2020";"04. Abril";"Paraná";"Paranaguá - PR";"3102";"Adubos (fertilizantes) minerais ou químicos, azotados";"32246739"
"2020";"09. Setembro";"Paraná";"Paranaguá - PR";"3102";"Adubos (fertilizantes) minerais ou químicos, azotados";"29331182"
"2020";"03. Março";"Paraná";"Paranaguá - PR";"3102";"Adubos (fertilizantes) minerais ou químicos, azotados";"22718595"
"2020";"11. Novembro";"Paraná";"Paranaguá - PR";"3102";"Adubos (fertilizantes) minerais ou químicos, azotados";"19795079"
"2020";"05. Maio";"Paraná";"Paranaguá - PR";"3102";"Adubos (fertilizantes) minerais ou químicos, azotados";"19208402"
"2020";"07. Julho";"Paraná";"Paranaguá - PR";"3102";"Adubos (fertilizantes) minerais ou químicos, azotados";"18362371"
"2020";"08. Agosto";"Paraná";"Paranaguá - PR";"3102";"Adubos (fertilizantes) minerais ou químicos, azotados";"17146682"
"2020";"06. Junho";"Paraná";"Paranaguá - PR";"3102";"Adubos (fertilizantes) minerais ou químicos, azotados";"14274098"
"2020";"02. Fevereiro";"Paraná";"Paranaguá - PR";"3102";"Adubos (fertilizantes) minerais ou químicos, azotados";"13417731"
"2020";"12. Dezembro";"Paraná";"Paranaguá - PR";"3102";"Adubos (fertilizantes) minerais ou químicos, azotados";"13111314"
"2020";"06. Junho";"Paraná";"Curitiba - PR";"3102";"Adubos (fertilizantes) minerais ou químicos, azotados";"8081149"
"2020";"10. Outubro";"Paraná";"Paranaguá - PR";"3102";"Adubos (fertilizantes) minerais ou químicos, azotados";"7047415"
"2020";"08. Agosto";"Paraná";"Curitiba - PR";"3102";"Adubos (fertilizantes) minerais ou químicos, azotados";"6898123"
"2020";"10. Outubro";"Paraná";"Curitiba - PR";"3102";"Adubos (fertilizantes) minerais ou químicos, azotados";"5782660"
"2020";"07. Julho";"Paraná";"Curitiba - PR";"3102";"Adubos (fertilizantes) minerais ou químicos, azotados";"5774703"
"2020";"09. Setembro";"Paraná";"Curitiba - PR";"3102";"Adubos (fertilizantes) minerais ou químicos, azotados";"5523300"
"2020";"11. Novembro";"Paraná";"Curitiba - PR";"3102";"Adubos (fertilizantes) minerais ou químicos, azotados";"4945535"
"2020";"01. Janeiro";"Paraná";"Curitiba - PR";"3102";"Adubos (fertilizantes) minerais ou químicos, azotados";"4811868"
"2020";"12. Dezembro";"Paraná";"Curitiba - PR";"3102";"Adubos (fertilizantes) minerais ou químicos, azotados";"4283245"
"2020";"05. Maio";"Paraná";"Curitiba - PR";"3102";"Adubos (fertilizantes) minerais ou químicos, azotados";"4115372"
"2020";"02. Fevereiro";"Paraná";"Curitiba - PR";"3102";"Adubos (fertilizantes) minerais ou químicos, azotados";"4092472"
"2020";"03. Março";"Paraná";"Curitiba - PR";"3102";"Adubos (fertilizantes) minerais ou químicos, azotados";"3558807"
"2020";"01. Janeiro";"Paraná";"Paranaguá - PR";"3102";"Adubos (fertilizantes) minerais ou químicos, azotados";"3458321"
"2020";"04. Abril";"Paraná";"Curitiba - PR";"3102";"Adubos (fertilizantes) minerais ou químicos, azotados";"3001836"
"2020";"05. Maio";"Paraná";"Quatro Barras - PR";"3102";"Adubos (fertilizantes) minerais ou químicos, azotados";"2161350"
"2020";"04. Abril";"Paraná";"Quatro Barras - PR";"3102";"Adubos (fertilizantes) minerais ou químicos, azotados";"2161221"
"2020";"03. Março";"Paraná";"Cascavel - PR";"3102";"Adubos (fertilizantes) minerais ou químicos, azotados";"2087328"
"2020";"04. Abril";"Paraná";"Cascavel - PR";"3102";"Adubos (fertilizantes) minerais ou químicos, azotados";"1952938"
"2020";"11. Novembro";"Paraná";"Cascavel - PR";"3102";"Adubos (fertilizantes) minerais ou químicos, azotados";"1888445"
"2020";"07. Julho";"Paraná";"Araucária - PR";"3102";"Adubos (fertilizantes) minerais ou químicos, azotados";"1793344"
"2020";"12. Dezembro";"Paraná";"Mandaguari - PR";"3102";"Adubos (fertilizantes) minerais ou químicos, azotados";"1514648"
"2020";"12. Dezembro";"Paraná";"Cambé - PR";"3102";"Adubos (fertilizantes) minerais ou químicos, azotados";"1496724"
"2020";"09. Setembro";"Paraná";"Cascavel - PR";"3102";"Adubos (fertilizantes) minerais ou químicos, azotados";"1464699"
"2020";"06. Junho";"Paraná";"Maringá - PR";"3102";"Adubos (fertilizantes) minerais ou químicos, azotados";"1433322"
"2020";"03. Março";"Paraná";"Ponta Grossa - PR";"3102";"Adubos (fertilizantes) minerais ou químicos, azotados";"1361443"
"2020";"01. Janeiro";"Paraná";"Quatro Barras - PR";"3102";"Adubos (fertilizantes) minerais ou químicos, azotados";"1297573"
"2020";"10. Outubro";"Paraná";"Araucária - PR";"3102";"Adubos (fertilizantes) minerais ou químicos, azotados";"1241629"
"2020";"06. Junho";"Paraná";"Ponta Grossa - PR";"3102";"Adubos (fertilizantes) minerais ou químicos, azotados";"1155528"
"2020";"09. Setembro";"Paraná";"Maringá - PR";"3102";"Adubos (fertilizantes) minerais ou químicos, azotados";"1148478"
"2020";"07. Julho";"Paraná";"Ponta Grossa - PR";"3102";"Adubos (fertilizantes) minerais ou químicos, azotados";"1062463"
"2020";"07. Julho";"Paraná";"Cascavel - PR";"3102";"Adubos (fertilizantes) minerais ou químicos, azotados";"1047067"
"2020";"11. Novembro";"Paraná";"Almirante Tamandaré - PR";"3102";"Adubos (fertilizantes) minerais ou químicos, azotados";"1041150"
"2020";"08. Agosto";"Paraná";"Araucária - PR";"3102";"Adubos (fertilizantes) minerais ou químicos, azotados";"1022437"
"2020";"10. Outubro";"Paraná";"Maringá - PR";"3102";"Adubos (fertilizantes) minerais ou químicos, azotados";"1008251"
"2020";"11. Novembro";"Paraná";"Araucária - PR";"3102";"Adubos (fertilizantes) minerais ou químicos, azotados";"922836"
"2020";"05. Maio";"Paraná";"Ponta Grossa - PR";"3102";"Adubos (fertilizantes) minerais ou químicos, azotados";"871449"
"2020";"12. Dezembro";"Paraná";"Cascavel - PR";"3102";"Adubos (fertilizantes) minerais ou químicos, azotados";"830407"
"2020";"12. Dezembro";"Paraná";"Maringá - PR";"3102";"Adubos (fertilizantes) minerais ou químicos, azotados";"800046"
"2020";"09. Setembro";"Paraná";"Araucária - PR";"3102";"Adubos (fertilizantes) minerais ou químicos, azotados";"768287"
"2020";"02. Fevereiro";"Paraná";"Ponta Grossa - PR";"3102";"Adubos (fertilizantes) minerais ou químicos, azotados";"748199"
"2020";"11. Novembro";"Paraná";"Ponta Grossa - PR";"3102";"Adubos (fertilizantes) minerais ou químicos, azotados";"712465"
"2020";"06. Junho";"Paraná";"Araucária - PR";"3102";"Adubos (fertilizantes) minerais ou químicos, azotados";"698384"
"2020";"06. Junho";"Paraná";"Mandaguari - PR";"3102";"Adubos (fertilizantes) minerais ou químicos, azotados";"675216"
"2020";"05. Maio";"Paraná";"Araucária - PR";"3102";"Adubos (fertilizantes) minerais ou químicos, azotados";"663963"
"2020";"10. Outubro";"Paraná";"Cascavel - PR";"3102";"Adubos (fertilizantes) minerais ou químicos, azotados";"620480"
"2020";"05. Maio";"Paraná";"Cascavel - PR";"3102";"Adubos (fertilizantes) minerais ou químicos, azotados";"620313"
"2020";"12. Dezembro";"Paraná";"Araucária - PR";"3102";"Adubos (fertilizantes) minerais ou químicos, azotados";"613658"
"2020";"04. Abril";"Paraná";"Ponta Grossa - PR";"3102";"Adubos (fertilizantes) minerais ou químicos, azotados";"610677"
"2020";"03. Março";"Paraná";"Mandaguari - PR";"3102";"Adubos (fertilizantes) minerais ou químicos, azotados";"573263"
"2020";"01. Janeiro";"Paraná";"Araucária - PR";"3102";"Adubos (fertilizantes) minerais ou químicos, azotados";"538627"
"2020";"09. Setembro";"Paraná";"Ponta Grossa - PR";"3102";"Adubos (fertilizantes) minerais ou químicos, azotados";"518079"
"2020";"07. Julho";"Paraná";"Almirante Tamandaré - PR";"3102";"Adubos (fertilizantes) minerais ou químicos, azotados";"480679"
"2020";"12. Dezembro";"Paraná";"Quatro Barras - PR";"3102";"Adubos (fertilizantes) minerais ou químicos, azotados";"466330"
"2020";"08. Agosto";"Paraná";"Ponta Grossa - PR";"3102";"Adubos (fertilizantes) minerais ou químicos, azotados";"388500"
"2020";"12. Dezembro";"Paraná";"Ponta Grossa - PR";"3102";"Adubos (fertilizantes) minerais ou químicos, azotados";"320351"
"2020";"01. Janeiro";"Paraná";"Mandaguari - PR";"3102";"Adubos (fertilizantes) minerais ou químicos, azotados";"313224"
"2020";"09. Setembro";"Paraná";"Mandaguari - PR";"3102";"Adubos (fertilizantes) minerais ou químicos, azotados";"301018"
"2020";"06. Junho";"Paraná";"Almirante Tamandaré - PR";"3102";"Adubos (fertilizantes) minerais ou químicos, azotados";"277611"
"2020";"04. Abril";"Paraná";"Cambé - PR";"3102";"Adubos (fertilizantes) minerais ou químicos, azotados";"262667"
"2020";"03. Março";"Paraná";"Araucária - PR";"3102";"Adubos (fertilizantes) minerais ou químicos, azotados";"261488"
"2020";"11. Novembro";"Paraná";"Cambé - PR";"3102";"Adubos (fertilizantes) minerais ou químicos, azotados";"257169"
"2020";"10. Outubro";"Paraná";"Ponta Grossa - PR";"3102";"Adubos (fertilizantes) minerais ou químicos, azotados";"253071"
"2020";"05. Maio";"Paraná";"Almirante Tamandaré - PR";"3102";"Adubos (fertilizantes) minerais ou químicos, azotados";"248250"
"2020";"11. Novembro";"Paraná";"Tijucas do Sul - PR";"3102";"Adubos (fertilizantes) minerais ou químicos, azotados";"232654"
"2020";"10. Outubro";"Paraná";"Quatro Barras - PR";"3102";"Adubos (fertilizantes) minerais ou químicos, azotados";"231965"
"2020";"08. Agosto";"Paraná";"Mandaguari - PR";"3102";"Adubos (fertilizantes) minerais ou químicos, azotados";"222863"
"2020";"01. Janeiro";"Paraná";"Almirante Tamandaré - PR";"3102";"Adubos (fertilizantes) minerais ou químicos, azotados";"219287"
"2020";"09. Setembro";"Paraná";"São Miguel do Iguaçu - PR";"3102";"Adubos (fertilizantes) minerais ou químicos, azotados";"217274"
"2020";"11. Novembro";"Paraná";"Quatro Barras - PR";"3102";"Adubos (fertilizantes) minerais ou químicos, azotados";"211042"
"2020";"06. Junho";"Paraná";"Cascavel - PR";"3102";"Adubos (fertilizantes) minerais ou químicos, azotados";"204253"
"2020";"11. Novembro";"Paraná";"Paiçandu - PR";"3102";"Adubos (fertilizantes) minerais ou químicos, azotados";"196708"
"2020";"07. Julho";"Paraná";"Quatro Barras - PR";"3102";"Adubos (fertilizantes) minerais ou químicos, azotados";"176239"
"2020";"07. Julho";"Paraná";"Mandaguari - PR";"3102";"Adubos (fertilizantes) minerais ou químicos, azotados";"156578"
"2020";"07. Julho";"Paraná";"São Miguel do Iguaçu - PR";"3102";"Adubos (fertilizantes) minerais ou químicos, azotados";"156446"
"2020";"12. Dezembro";"Paraná";"São Miguel do Iguaçu - PR";"3102";"Adubos (fertilizantes) minerais ou químicos, azotados";"150450"
"2020";"09. Setembro";"Paraná";"Almirante Tamandaré - PR";"3102";"Adubos (fertilizantes) minerais ou químicos, azotados";"147200"
"2020";"05. Maio";"Paraná";"Cambé - PR";"3102";"Adubos (fertilizantes) minerais ou químicos, azotados";"125919"
"2020";"06. Junho";"Paraná";"Toledo - PR";"3102";"Adubos (fertilizantes) minerais ou químicos, azotados";"119663"
"2020";"12. Dezembro";"Paraná";"Telêmaco Borba - PR";"3102";"Adubos (fertilizantes) minerais ou químicos, azotados";"110262"
"2020";"12. Dezembro";"Paraná";"São José dos Pinhais - PR";"3102";"Adubos (fertilizantes) minerais ou químicos, azotados";"104752"
"2020";"07. Julho";"Paraná";"Toledo - PR";"3102";"Adubos (fertilizantes) minerais ou químicos, azotados";"100955"
"2020";"06. Junho";"Paraná";"Cambé - PR";"3102";"Adubos (fertilizantes) minerais ou químicos, azotados";"90195"
"2020";"08. Agosto";"Paraná";"Foz do Iguaçu - PR";"3102";"Adubos (fertilizantes) minerais ou químicos, azotados";"85000"
"2020";"03. Março";"Paraná";"Quatro Barras - PR";"3102";"Adubos (fertilizantes) minerais ou químicos, azotados";"80551"
"2020";"02. Fevereiro";"Paraná";"Quatro Barras - PR";"3102";"Adubos (fertilizantes) minerais ou químicos, azotados";"70838"
"2020";"10. Outubro";"Paraná";"Almirante Tamandaré - PR";"3102";"Adubos (fertilizantes) minerais ou químicos, azotados";"68940"
"2020";"02. Fevereiro";"Paraná";"Araucária - PR";"3102";"Adubos (fertilizantes) minerais ou químicos, azotados";"65430"
"2020";"05. Maio";"Paraná";"São José dos Pinhais - PR";"3102";"Adubos (fertilizantes) minerais ou químicos, azotados";"62580"
"2020";"04. Abril";"Paraná";"Araucária - PR";"3102";"Adubos (fertilizantes) minerais ou químicos, azotados";"60557"
"2020";"06. Junho";"Paraná";"Ibiporã - PR";"3102";"Adubos (fertilizantes) minerais ou químicos, azotados";"59491"
"2020";"05. Maio";"Paraná";"Telêmaco Borba - PR";"3102";"Adubos (fertilizantes) minerais ou químicos, azotados";"58213"
"2020";"01. Janeiro";"Paraná";"São José dos Pinhais - PR";"3102";"Adubos (fertilizantes) minerais ou químicos, azotados";"52597"
"2020";"04. Abril";"Paraná";"São José dos Pinhais - PR";"3102";"Adubos (fertilizantes) minerais ou químicos, azotados";"48702"
"2020";"08. Agosto";"Paraná";"Toledo - PR";"3102";"Adubos (fertilizantes) minerais ou químicos, azotados";"46126"
"2020";"10. Outubro";"Paraná";"Toledo - PR";"3102";"Adubos (fertilizantes) minerais ou químicos, azotados";"46037"
"2020";"08. Agosto";"Paraná";"Quatro Barras - PR";"3102";"Adubos (fertilizantes) minerais ou químicos, azotados";"44054"
"2020";"09. Setembro";"Paraná";"São José dos Pinhais - PR";"3102";"Adubos (fertilizantes) minerais ou químicos, azotados";"24634"
"2020";"08. Agosto";"Paraná";"São José dos Pinhais - PR";"3102";"Adubos (fertilizantes) minerais ou químicos, azotados";"24192"
"2020";"07. Julho";"Paraná";"São José dos Pinhais - PR";"3102";"Adubos (fertilizantes) minerais ou químicos, azotados";"23130"
"2020";"06. Junho";"Paraná";"São José dos Pinhais - PR";"3102";"Adubos (fertilizantes) minerais ou químicos, azotados";"22954"
"2020";"01. Janeiro";"Paraná";"Ponta Grossa - PR";"3102";"Adubos (fertilizantes) minerais ou químicos, azotados";"21875"
"2020";"03. Março";"Paraná";"Rolândia - PR";"3102";"Adubos (fertilizantes) minerais ou químicos, azotados";"20433"
"2020";"11. Novembro";"Paraná";"Telêmaco Borba - PR";"3102";"Adubos (fertilizantes) minerais ou químicos, azotados";"19396"
"2020";"02. Fevereiro";"Paraná";"São José dos Pinhais - PR";"3102";"Adubos (fertilizantes) minerais ou químicos, azotados";"16490"
"2020";"07. Julho";"Paraná";"Foz do Iguaçu - PR";"3102";"Adubos (fertilizantes) minerais ou químicos, azotados";"15539"
"2020";"07. Julho";"Paraná";"Rolândia - PR";"3102";"Adubos (fertilizantes) minerais ou químicos, azotados";"14451"
"2020";"10. Outubro";"Paraná";"Rolândia - PR";"3102";"Adubos (fertilizantes) minerais ou químicos, azotados";"12998"
"2020";"01. Janeiro";"Paraná";"Rolândia - PR";"3102";"Adubos (fertilizantes) minerais ou químicos, azotados";"10848"
"2020";"05. Maio";"Paraná";"Rolândia - PR";"3102";"Adubos (fertilizantes) minerais ou químicos, azotados";"10465"
"2020";"04. Abril";"Paraná";"Rolândia - PR";"3102";"Adubos (fertilizantes) minerais ou químicos, azotados";"10011"
"2020";"10. Outubro";"Paraná";"Cambé - PR";"3102";"Adubos (fertilizantes) minerais ou químicos, azotados";"9726"
"2020";"10. Outubro";"Paraná";"Telêmaco Borba - PR";"3102";"Adubos (fertilizantes) minerais ou químicos, azotados";"6734"
"2020";"08. Agosto";"Paraná";"Cambé - PR";"3102";"Adubos (fertilizantes) minerais ou químicos, azotados";"6481"
"2020";"09. Setembro";"Paraná";"Cambé - PR";"3102";"Adubos (fertilizantes) minerais ou químicos, azotados";"6382"
"2020";"12. Dezembro";"Paraná";"Rolândia - PR";"3102";"Adubos (fertilizantes) minerais ou químicos, azotados";"2970"
